Country ISO3,Country Name,Indicator Id,Indicator,Subindicator Type,2006,2007,2008,2009,2010,2011,2012,2013,2014,2015,2016,2017,2018,2019,2020,Continent,Country ISO2
ALB,Albania,27959,Overall Global Gender Gap Index,Index,0.6607,0.6685,0.6591,0.6601,0.6726,0.6748,0.6655,0.6412,0.6869,0.701,0.7040000000000001,0.728,0.7340000000000001,0.769,0.77,Europe,AL
ALB,Albania,27961,Global Gender Gap Political Empowerment subindex,Index,0.0375,0.0375,0.0413,0.0413,0.0785,0.0784,0.0753,0.0256,0.1834,0.214,0.214,0.284,0.284,0.376,0.377,Europe,AL
ALB,Albania,28159,Global Gender Gap Economic Participation and Opportunity Subindex,Index,0.6613,0.6885,0.6491,0.6532,0.6808,0.7129,0.6663,0.6324,0.6534,0.6709999999999999,0.6679999999999999,0.6729999999999999,0.701,0.743,0.748,Europe,AL
ALB,Albania,28161,Global Gender Gap Educational Attainment Subindex,Index,0.9888,0.9925,0.9907,0.9906,0.9942,0.9809,0.989,0.9755,0.97,0.972,0.986,0.986,0.987,0.999,0.999,Europe,AL
ALB,Albania,28163,Global Gender Gap Health and Survival Subindex,Index,0.9553,0.9553,0.9553,0.9553,0.937,0.9268,0.9313,0.9313,0.9409,0.947,0.947,0.968,0.963,0.958,0.98,Europe,AL
ARE,United Arab Emirates,27959,Overall Global Gender Gap Index,Index,0.5919,0.6184,0.622,0.6198,0.6397,0.6454,0.6392,0.6372,0.6436,0.6459999999999999,0.639,0.649,0.642,0.655,0.716,Asia,AE
ARE,United Arab Emirates,27961,Global Gender Gap Political Empowerment subindex,Index,0.0147,0.1046,0.1114,0.1114,0.1394,0.1394,0.1206,0.1206,0.1106,0.115,0.139,0.18,0.18,0.191,0.403,Asia,AE
ARE,United Arab Emirates,28159,Global Gender Gap Economic Participation and Opportunity Subindex,Index,0.4027,0.421,0.4198,0.4148,0.4605,0.4898,0.4751,0.4672,0.5152,0.519,0.456,0.459,0.439,0.472,0.51,Asia,AE
ARE,United Arab Emirates,28161,Global Gender Gap Educational Attainment Subindex,Index,0.9861,0.9868,0.9955,0.9918,0.9977,0.9914,1.0,1.0,0.9875,0.987,1.0,0.994,0.979,0.987,0.987,Asia,AE
ARE,United Arab Emirates,28163,Global Gender Gap Health and Survival Subindex,Index,0.9643,0.9612,0.9612,0.9612,0.9612,0.9612,0.9612,0.9612,0.9612,0.961,0.961,0.965,0.972,0.972,0.96,Asia,AE
ARG,Argentina,27959,Overall Global Gender Gap Index,Index,0.6829,0.6982,0.7209,0.7211,0.7187,0.7236,0.7212,0.7195,0.7317,0.7340000000000001,0.735,0.732,0.733,0.746,0.752,South America,AR
ARG,Argentina,27961,Global Gender Gap Political Empowerment subindex,Index,0.2044,0.2044,0.3027,0.3077,0.2976,0.3084,0.3018,0.3136,0.3197,0.34700000000000003,0.35,0.35600000000000004,0.35600000000000004,0.387,0.39,South America,AR
ARG,Argentina,28159,Global Gender Gap Economic Participation and Opportunity Subindex,Index,0.5513,0.6128,0.607,0.6029,0.6024,0.6124,0.6075,0.5887,0.6312,0.615,0.616,0.596,0.599,0.623,0.639,South America,AR
ARG,Argentina,28161,Global Gender Gap Educational Attainment Subindex,Index,0.9965,0.996,0.9941,0.9941,0.9953,0.9941,0.9962,0.9962,0.9962,0.996,0.995,0.998,0.995,0.995,1.0,South America,AR
ARG,Argentina,28163,Global Gender Gap Health and Survival Subindex,Index,0.9796,0.9796,0.9796,0.9796,0.9796,0.9796,0.9796,0.9796,0.9796,0.98,0.98,0.98,0.98,0.98,0.956,South America,AR
AUS,Australia,27959,Overall Global Gender Gap Index,Index,0.7163,0.7204,0.7241,0.7282,0.7271,0.7291,0.7294,0.7390000000000001,0.7409,0.733,0.721,0.731,0.73,0.731,0.731,Oceania,AU
AUS,Australia,27961,Global Gender Gap Political Empowerment subindex,Index,0.1634,0.1634,0.1915,0.1915,0.1917,0.1861,0.1847,0.1945,0.1887,0.193,0.193,0.232,0.232,0.231,0.258,Oceania,AU
AUS,Australia,28159,Global Gender Gap Economic Participation and Opportunity Subindex,Index,0.7259,0.7440000000000001,0.7307,0.7477,0.7428,0.7565,0.7593,0.7879,0.8009999999999999,0.7659999999999999,0.7190000000000001,0.7240000000000001,0.718,0.722,0.7,Oceania,AU
AUS,Australia,28161,Global Gender Gap Educational Attainment Subindex,Index,1.0,1.0,1.0,1.0,1.0,1.0,1.0,1.0,1.0,1.0,1.0,1.0,1.0,1.0,1.0,Oceania,AU
AUS,Australia,28163,Global Gender Gap Health and Survival Subindex,Index,0.9761,0.9741,0.9741,0.9737,0.9739,0.9739,0.9735,0.9735,0.9737,0.974,0.974,0.97,0.971,0.971,0.98,Oceania,AU
AUT,Austria,27959,Overall Global Gender Gap Index,Index,0.6986,0.706,0.7153,0.7031,0.7091,0.7165,0.7391,0.7437,0.7266,0.733,0.716,0.7090000000000001,0.718,0.7440000000000001,0.777,Europe,AT
AUT,Austria,27961,Global Gender Gap Political Empowerment subindex,Index,0.2821,0.2821,0.3057,0.2744,0.2742,0.2744,0.3318,0.3318,0.2573,0.246,0.246,0.21600000000000005,0.242,0.344,0.473,Europe,AT
AUT,Austria,28159,Global Gender Gap Economic Participation and Opportunity Subindex,Index,0.5526,0.5824,0.5872,0.5701,0.5952,0.6245,0.6515,0.6642,0.6704,0.705,0.65,0.66,0.6579999999999999,0.659,0.665,Europe,AT
AUT,Austria,28161,Global Gender Gap Educational Attainment Subindex,Index,0.9802,0.9802,0.9886,0.9886,0.9886,0.9886,0.9946,1.0,1.0,1.0,0.987,0.988,1.0,1.0,1.0,Europe,AT
AUT,Austria,28163,Global Gender Gap Health and Survival Subindex,Index,0.9796,0.9796,0.9796,0.9796,0.9787,0.9787,0.9787,0.9787,0.9789,0.98,0.98,0.975,0.974,0.974,0.979,Europe,AT
BEL,Belgium,27959,Overall Global Gender Gap Index,Index,0.7078,0.7198,0.7163,0.7165,0.7509,0.7531,0.7652,0.7684,0.7809,0.753,0.745,0.7390000000000001,0.738,0.75,0.789,Europe,BE
BEL,Belgium,27961,Global Gender Gap Political Empowerment subindex,Index,0.2319,0.2319,0.2431,0.2431,0.3244,0.3241,0.3664,0.3664,0.3948,0.275,0.275,0.264,0.264,0.313,0.48,Europe,BE
BEL,Belgium,28159,Global Gender Gap Economic Participation and Opportunity Subindex,Index,0.6199,0.6684,0.6519,0.653,0.7097,0.7187,0.7241,0.7367,0.7577,0.762,0.731,0.716,0.7140000000000001,0.7140000000000001,0.7090000000000001,Europe,BE
BEL,Belgium,28161,Global Gender Gap Educational Attainment Subindex,Index,1.0,1.0,0.991,0.991,0.9909,0.9909,0.9918,0.9918,0.9921,1.0,1.0,1.0,1.0,1.0,1.0,Europe,BE
BEL,Belgium,28163,Global Gender Gap Health and Survival Subindex,Index,0.9796,0.9789,0.9789,0.9789,0.9787,0.9787,0.9787,0.9787,0.9789,0.974,0.974,0.976,0.973,0.973,0.97,Europe,BE
BFA,Burkina Faso,27959,Overall Global Gender Gap Index,Index,0.5853,0.5912,0.6029,0.6081,0.6162,0.6153,0.6455,0.6513,0.65,0.6509999999999999,0.64,0.6459999999999999,0.629,0.635,0.6509999999999999,Africa,BF
BFA,Burkina Faso,27961,Global Gender Gap Political Empowerment subindex,Index,0.084,0.084,0.0971,0.0971,0.1098,0.1097,0.0897,0.0914,0.1117,0.083,0.068,0.075,0.075,0.08900000000000001,0.066,Africa,BF
BFA,Burkina Faso,28159,Global Gender Gap Economic Participation and Opportunity Subindex,Index,0.6387,0.6313,0.6377,0.6395,0.6383,0.6266,0.7376,0.7467,0.722,0.721,0.7140000000000001,0.716,0.623,0.614,0.6890000000000001,Africa,BF
BFA,Burkina Faso,28161,Global Gender Gap Educational Attainment Subindex,Index,0.6456,0.6798,0.7068,0.726,0.7485,0.7563,0.7864,0.7987,0.7988,0.831,0.809,0.8290000000000001,0.853,0.873,0.873,Africa,BF
BFA,Burkina Faso,28163,Global Gender Gap Health and Survival Subindex,Index,0.9733,0.9699,0.9699,0.9699,0.9685,0.9685,0.9685,0.9685,0.9673,0.967,0.967,0.963,0.963,0.963,0.975,Africa,BF
BGD,Bangladesh,27959,Overall Global Gender Gap Index,Index,0.6269,0.6314,0.6531,0.6526,0.6702,0.6812,0.6684,0.6848,0.6973,0.7040000000000001,0.698,0.7190000000000001,0.721,0.726,0.7190000000000001,Asia,BD
BGD,Bangladesh,27961,Global Gender Gap Political Empowerment subindex,Index,0.2673,0.2673,0.3098,0.2939,0.3378,0.3591,0.3804,0.4036,0.4055,0.433,0.462,0.493,0.526,0.545,0.546,Asia,BD
BGD,Bangladesh,28159,Global Gender Gap Economic Participation and Opportunity Subindex,Index,0.423,0.4374,0.4436,0.4552,0.4732,0.4932,0.4799,0.4954,0.4774,0.462,0.41,0.465,0.441,0.438,0.418,Asia,BD
BGD,Bangladesh,28161,Global Gender Gap Educational Attainment Subindex,Index,0.8681,0.8714,0.9093,0.9113,0.9139,0.9168,0.8575,0.8846,0.9402,0.948,0.95,0.954,0.95,0.951,0.951,Asia,BD
BGD,Bangladesh,28163,Global Gender Gap Health and Survival Subindex,Index,0.9495,0.9496,0.9496,0.95,0.9557,0.9557,0.9557,0.9557,0.9663,0.971,0.971,0.966,0.969,0.969,0.964,Asia,BD
BGR,Bulgaria,27959,Overall Global Gender Gap Index,Index,0.687,0.7085,0.7077,0.7072,0.6983,0.6987,0.7021,0.7097,0.7444,0.722,0.726,0.7559999999999999,0.7559999999999999,0.727,0.746,Europe,BG
BGR,Bulgaria,27961,Global Gender Gap Political Empowerment subindex,Index,0.1666,0.1666,0.1641,0.1641,0.1372,0.1367,0.1409,0.1606,0.2764,0.215,0.215,0.34600000000000003,0.34600000000000003,0.225,0.275,Europe,BG
BGR,Bulgaria,28159,Global Gender Gap Economic Participation and Opportunity Subindex,Index,0.6132,0.6992,0.6975,0.6935,0.6843,0.6867,0.696,0.7067,0.7288,0.701,0.716,0.71,0.708,0.715,0.738,Europe,BG
BGR,Bulgaria,28161,Global Gender Gap Educational Attainment Subindex,Index,0.9889,0.9889,0.9901,0.9921,0.9925,0.9923,0.9924,0.9924,0.9934,0.992,0.993,0.99,0.989,0.989,0.991,Europe,BG
BGR,Bulgaria,28163,Global Gender Gap Health and Survival Subindex,Index,0.9791,0.9791,0.9791,0.9791,0.9791,0.9791,0.9791,0.9791,0.9791,0.979,0.979,0.979,0.979,0.979,0.972,Europe,BG
BHR,Bahrain,27959,Overall Global Gender Gap Index,Index,0.5894,0.5931,0.5927,0.6136,0.6217,0.6232,0.6298,0.6334,0.6261,0.644,0.615,0.632,0.627,0.629,0.632,Asia,BH
BHR,Bahrain,27961,Global Gender Gap Political Empowerment subindex,Index,0.0236,0.0315,0.0192,0.0192,0.0376,0.0376,0.0667,0.0667,0.0774,0.037000000000000005,0.037000000000000005,0.037000000000000005,0.037000000000000005,0.066,0.066,Asia,BH
BHR,Bahrain,28159,Global Gender Gap Economic Participation and Opportunity Subindex,Index,0.3829,0.3903,0.3988,0.483,0.4967,0.5079,0.4967,0.5146,0.4803,0.597,0.475,0.537,0.515,0.51,0.518,Asia,BH
BHR,Bahrain,28161,Global Gender Gap Educational Attainment Subindex,Index,0.9893,0.9893,0.9917,0.9911,0.9915,0.9862,0.9947,0.9911,0.9855,0.981,0.987,0.991,0.998,0.985,0.985,Asia,BH
BHR,Bahrain,28163,Global Gender Gap Health and Survival Subindex,Index,0.9617,0.9612,0.9612,0.9612,0.9612,0.9612,0.9612,0.9612,0.9612,0.961,0.961,0.961,0.958,0.958,0.968,Asia,BH
BOL,Bolivia,27959,Overall Global Gender Gap Index,Index,0.6335,0.6574,0.6667,0.6693,0.6751,0.6862,0.7222,0.7340000000000001,0.7049,0.7490000000000001,0.746,0.758,0.748,0.7340000000000001,0.722,South America,BO
BOL,Bolivia,27961,Global Gender Gap Political Empowerment subindex,Index,0.0875,0.0875,0.145,0.145,0.1735,0.1732,0.3175,0.3175,0.235,0.415,0.415,0.408,0.408,0.35700000000000004,0.35200000000000004,South America,BO
BOL,Bolivia,28159,Global Gender Gap Economic Participation and Opportunity Subindex,Index,0.5594,0.6072,0.5837,0.5906,0.5957,0.6352,0.6365,0.6841,0.6379,0.634,0.619,0.6920000000000001,0.63,0.623,0.595,South America,BO
BOL,Bolivia,28161,Global Gender Gap Educational Attainment Subindex,Index,0.917,0.968,0.9713,0.9746,0.9592,0.9646,0.9629,0.9623,0.9697,0.967,0.97,0.956,0.976,0.98,0.981,South America,BO
BOL,Bolivia,28163,Global Gender Gap Health and Survival Subindex,Index,0.9703,0.9668,0.9668,0.9668,0.9719,0.9719,0.9719,0.9719,0.977,0.98,0.98,0.976,0.979,0.979,0.973,South America,BO
BRA,Brazil,27959,Overall Global Gender Gap Index,Index,0.6543,0.6637,0.6737,0.6695,0.6655,0.6679,0.6909,0.6949,0.6941,0.6859999999999999,0.687,0.684,0.6809999999999999,0.691,0.695,South America,BR
BRA,Brazil,27961,Global Gender Gap Political Empowerment subindex,Index,0.061,0.0617,0.0625,0.0625,0.0488,0.0526,0.1344,0.14400000000000002,0.1476,0.123,0.132,0.101,0.101,0.133,0.138,South America,BR
BRA,Brazil,28159,Global Gender Gap Economic Participation and Opportunity Subindex,Index,0.6044,0.6449,0.6526,0.6369,0.6431,0.649,0.6499,0.6561,0.6491,0.642,0.64,0.655,0.645,0.653,0.665,South America,BR
BRA,Brazil,28161,Global Gender Gap Educational Attainment Subindex,Index,0.9724,0.9686,1.0,0.9991,0.9904,0.9904,1.0,1.0,1.0,1.0,0.998,1.0,1.0,1.0,1.0,South America,BR
BRA,Brazil,28163,Global Gender Gap Health and Survival Subindex,Index,0.9796,0.9796,0.9796,0.9796,0.9796,0.9796,0.9796,0.9796,0.9796,0.98,0.98,0.98,0.98,0.98,0.98,South America,BR
BWA,Botswana,27959,Overall Global Gender Gap Index,Index,0.6897,0.6797,0.6839,0.7071,0.6876,0.6832,0.6744,0.6752,0.7129,0.71,0.715,0.72,0.715,0.7090000000000001,0.716,Africa,BW
BWA,Botswana,27961,Global Gender Gap Political Empowerment subindex,Index,0.1287,0.1287,0.1338,0.1338,0.0597,0.0595,0.0353,0.0353,0.0679,0.068,0.068,0.079,0.079,0.079,0.084,Africa,BW
BWA,Botswana,28159,Global Gender Gap Economic Participation and Opportunity Subindex,Index,0.6926,0.6397,0.6492,0.742,0.7359,0.7185,0.7076,0.7108,0.8166,0.8,0.8190000000000001,0.8220000000000001,0.802,0.779,0.799,Africa,BW
BWA,Botswana,28161,Global Gender Gap Educational Attainment Subindex,Index,0.9814,0.9979,0.9999,0.9999,1.0,1.0,1.0,1.0,1.0,1.0,1.0,1.0,1.0,1.0,1.0,Africa,BW
BWA,Botswana,28163,Global Gender Gap Health and Survival Subindex,Index,0.9561,0.9527,0.9527,0.9527,0.9549,0.9549,0.9549,0.9549,0.9671,0.973,0.973,0.978,0.98,0.98,0.965,Africa,BW
CAN,Canada,27959,Overall Global Gender Gap Index,Index,0.7165,0.7198,0.7136,0.7196,0.7372,0.7407,0.7381,0.7425,0.7464,0.74,0.731,0.769,0.7709999999999999,0.772,0.772,North America,CA
CAN,Canada,27961,Global Gender Gap Political Empowerment subindex,Index,0.1592,0.1592,0.1343,0.1383,0.1959,0.2095,0.1959,0.1959,0.2233,0.218,0.222,0.361,0.365,0.365,0.381,North America,CA
CAN,Canada,28159,Global Gender Gap Economic Participation and Opportunity Subindex,Index,0.7296,0.7428,0.7441,0.7641,0.7768,0.7759,0.7877,0.7959,0.7928,0.773,0.732,0.7440000000000001,0.748,0.7509999999999999,0.741,North America,CA
CAN,Canada,28161,Global Gender Gap Educational Attainment Subindex,Index,0.9987,0.9987,0.9977,0.9977,0.9977,0.9989,0.9909,1.0,1.0,1.0,1.0,1.0,1.0,1.0,1.0,North America,CA
CAN,Canada,28163,Global Gender Gap Health and Survival Subindex,Index,0.9784,0.9787,0.9783,0.9783,0.9784,0.9784,0.978,0.978,0.9694,0.969,0.969,0.97,0.971,0.971,0.968,North America,CA
CHE,Switzerland,27959,Overall Global Gender Gap Index,Index,0.6997,0.6924,0.736,0.7426,0.7562,0.7627,0.7672,0.7736,0.7798,0.785,0.7759999999999999,0.755,0.755,0.779,0.7979999999999999,Europe,CH
CHE,Switzerland,27961,Global Gender Gap Political Empowerment subindex,Index,0.1535,0.1582,0.3273,0.3273,0.3352,0.3453,0.3525,0.361,0.3737,0.376,0.391,0.314,0.32,0.407,0.494,Europe,CH
CHE,Switzerland,28159,Global Gender Gap Economic Participation and Opportunity Subindex,Index,0.7091,0.6759999999999999,0.6631,0.6854,0.7267,0.7419,0.7518,0.7681,0.7797,0.7979999999999999,0.745,0.743,0.7390000000000001,0.746,0.743,Europe,CH
CHE,Switzerland,28161,Global Gender Gap Educational Attainment Subindex,Index,0.9569,0.9569,0.9751,0.9792,0.9889,0.9899,0.9909,0.9919,0.9922,0.993,0.993,0.993,0.991,0.992,0.992,Europe,CH
CHE,Switzerland,28163,Global Gender Gap Health and Survival Subindex,Index,0.9792,0.9784,0.9784,0.9784,0.9738,0.9738,0.9738,0.9733,0.9737,0.974,0.974,0.972,0.97,0.97,0.98,Europe,CH
CHL,Chile,27959,Overall Global Gender Gap Index,Index,0.6455,0.6482,0.6818,0.6884,0.7013,0.703,0.6676,0.667,0.6975,0.698,0.6990000000000001,0.7040000000000001,0.7170000000000001,0.723,0.716,South America,CL
CHL,Chile,27961,Global Gender Gap Political Empowerment subindex,Index,0.1087,0.116,0.2467,0.2566,0.2957,0.2958,0.1448,0.1448,0.2589,0.243,0.254,0.266,0.307,0.307,0.28300000000000003,South America,CL
CHL,Chile,28159,Global Gender Gap Economic Participation and Opportunity Subindex,Index,0.5138,0.5172,0.5154,0.5213,0.5338,0.5411,0.5475,0.5445,0.5523,0.57,0.565,0.573,0.585,0.608,0.61,South America,CL
CHL,Chile,28161,Global Gender Gap Educational Attainment Subindex,Index,0.9799,0.9799,0.9856,0.9961,0.9963,0.9957,0.9986,0.9993,0.9997,1.0,0.999,0.999,0.999,1.0,1.0,South America,CL
CHL,Chile,28163,Global Gender Gap Health and Survival Subindex,Index,0.9796,0.9796,0.9796,0.9796,0.9796,0.9796,0.9796,0.9796,0.9792,0.979,0.979,0.978,0.977,0.977,0.968,South America,CL
CHN,China,27959,Overall Global Gender Gap Index,Index,0.6559999999999999,0.6643,0.6878,0.6907,0.6881,0.6866,0.6853,0.6908,0.6829999999999999,0.682,0.6759999999999999,0.674,0.6729999999999999,0.6759999999999999,0.682,Asia,CN
CHN,China,27961,Global Gender Gap Political Empowerment subindex,Index,0.1107,0.1107,0.1408,0.1408,0.1495,0.1496,0.1496,0.1604,0.1506,0.162,0.162,0.16,0.16399999999999998,0.154,0.118,Asia,CN
CHN,China,28159,Global Gender Gap Economic Participation and Opportunity Subindex,Index,0.6206,0.6478,0.6915,0.6955,0.6927,0.6825,0.6753,0.6752,0.6555,0.657,0.6559999999999999,0.654,0.653,0.6509999999999999,0.701,Asia,CN
CHN,China,28161,Global Gender Gap Educational Attainment Subindex,Index,0.9574,0.9574,0.9778,0.9797,0.981,0.9815,0.9819,0.988,0.9855,0.988,0.967,0.963,0.958,0.973,0.973,Asia,CN
CHN,China,28163,Global Gender Gap Health and Survival Subindex,Index,0.9355,0.941,0.941,0.9467,0.929,0.9327,0.9344,0.9398,0.9404,0.919,0.919,0.918,0.915,0.926,0.965,Asia,CN
COL,Colombia,27959,Overall Global Gender Gap Index,Index,0.7049,0.7090000000000001,0.6944,0.6939,0.6927,0.6714,0.6901,0.7171,0.7122,0.725,0.727,0.731,0.7290000000000001,0.758,0.725,South America,CO
COL,Colombia,27961,Global Gender Gap Political Empowerment subindex,Index,0.1799,0.1657,0.1026,0.1026,0.1018,0.1125,0.1662,0.1662,0.1628,0.18,0.18,0.206,0.203,0.318,0.21600000000000005,South America,CO
COL,Colombia,28159,Global Gender Gap Economic Participation and Opportunity Subindex,Index,0.6605,0.691,0.6966,0.6940000000000001,0.6941,0.5984,0.6207,0.7275,0.7107,0.746,0.7490000000000001,0.74,0.733,0.735,0.708,South America,CO
COL,Colombia,28161,Global Gender Gap Educational Attainment Subindex,Index,0.9996,0.9996,0.9987,0.9996,0.9956,0.9955,0.9944,0.9954,0.9961,0.994,0.999,1.0,1.0,1.0,1.0,South America,CO
COL,Colombia,28163,Global Gender Gap Health and Survival Subindex,Index,0.9796,0.9796,0.9796,0.9796,0.9791,0.9791,0.9791,0.9791,0.9791,0.979,0.979,0.98,0.98,0.98,0.968,South America,CO
CRI,Costa Rica,27959,Overall Global Gender Gap Index,Index,0.6936,0.7014,0.7111,0.718,0.7194,0.7266,0.7225,0.7241,0.7165,0.732,0.736,0.727,0.7490000000000001,0.782,0.7859999999999999,North America,CR
CRI,Costa Rica,27961,Global Gender Gap Political Empowerment subindex,Index,0.2771,0.2771,0.2833,0.2833,0.3287,0.3382,0.3164,0.3263,0.2758,0.365,0.365,0.314,0.406,0.545,0.545,North America,CR
CRI,Costa Rica,28159,Global Gender Gap Economic Participation and Opportunity Subindex,Index,0.5223,0.5536,0.586,0.6136,0.5787,0.5935,0.5987,0.5955,0.6155,0.5870000000000001,0.606,0.62,0.614,0.607,0.624,North America,CR
CRI,Costa Rica,28161,Global Gender Gap Educational Attainment Subindex,Index,0.9954,0.9954,0.9954,0.9954,0.9954,1.0,1.0,1.0,1.0,1.0,1.0,0.999,1.0,1.0,1.0,North America,CR
CRI,Costa Rica,28163,Global Gender Gap Health and Survival Subindex,Index,0.9796,0.9796,0.9796,0.9796,0.9747,0.9747,0.9747,0.9747,0.9747,0.975,0.975,0.974,0.977,0.977,0.977,North America,CR
CYP,Cyprus,27959,Overall Global Gender Gap Index,Index,0.643,0.6522,0.6694,0.6706,0.6642,0.6567,0.6732,0.6801,0.6741,0.6709999999999999,0.684,0.684,0.684,0.6920000000000001,0.7070000000000001,Asia,CY
CYP,Cyprus,27961,Global Gender Gap Political Empowerment subindex,Index,0.0517,0.0517,0.1066,0.1066,0.069,0.0618,0.1298,0.1298,0.069,0.069,0.1,0.092,0.092,0.122,0.177,Asia,CY
CYP,Cyprus,28159,Global Gender Gap Economic Participation and Opportunity Subindex,Index,0.5618,0.6021,0.61,0.6168,0.63,0.6175,0.6149,0.6353,0.6559999999999999,0.643,0.665,0.679,0.679,0.6809999999999999,0.6940000000000001,Asia,CY
CYP,Cyprus,28161,Global Gender Gap Educational Attainment Subindex,Index,0.9893,0.9893,0.9954,0.9933,0.9879,0.9776,0.978,0.9853,0.9978,0.998,0.998,0.998,0.998,0.998,0.998,Asia,CY
CYP,Cyprus,28163,Global Gender Gap Health and Survival Subindex,Index,0.9693,0.9657,0.9657,0.9657,0.9701,0.9701,0.9701,0.9701,0.9738,0.974,0.974,0.966,0.967,0.967,0.966,Asia,CY
CZE,Czech Republic,27959,Overall Global Gender Gap Index,Index,0.6712,0.6718,0.677,0.6789,0.685,0.6789,0.6767,0.677,0.6737,0.687,0.69,0.688,0.693,0.706,0.711,Europe,CZ
CZE,Czech Republic,27961,Global Gender Gap Political Empowerment subindex,Index,0.0877,0.0877,0.0921,0.0921,0.1403,0.1403,0.1254,0.1254,0.094,0.134,0.134,0.13,0.14,0.189,0.203,Europe,CZ
CZE,Czech Republic,28159,Global Gender Gap Economic Participation and Opportunity Subindex,Index,0.627,0.6295,0.6366,0.6443,0.6205,0.5961,0.6026,0.6039,0.6216,0.636,0.647,0.643,0.6509999999999999,0.657,0.662,Europe,CZ
CZE,Czech Republic,28161,Global Gender Gap Educational Attainment Subindex,Index,0.9908,0.9908,1.0,1.0,1.0,1.0,1.0,1.0,1.0,1.0,1.0,1.0,1.0,1.0,1.0,Europe,CZ
CZE,Czech Republic,28163,Global Gender Gap Health and Survival Subindex,Index,0.9791,0.9791,0.9791,0.9791,0.9792,0.9792,0.9788,0.9788,0.9791,0.979,0.979,0.98,0.98,0.98,0.967,Europe,CZ
DEU,Germany,27959,Overall Global Gender Gap Index,Index,0.7524,0.7618,0.7394,0.7449,0.753,0.759,0.7629,0.7583,0.778,0.779,0.7659999999999999,0.778,0.7759999999999999,0.787,0.7959999999999999,Europe,DE
DEU,Germany,27961,Global Gender Gap Political Empowerment subindex,Index,0.3657,0.3738,0.2962,0.3105,0.3251,0.3364,0.3488,0.3611,0.3998,0.413,0.428,0.447,0.418,0.477,0.509,Europe,DE
DEU,Germany,28159,Global Gender Gap Economic Participation and Opportunity Subindex,Index,0.6694,0.6997,0.6877,0.6956,0.7138,0.727,0.7399,0.7120000000000001,0.7388,0.737,0.691,0.72,0.7340000000000001,0.723,0.706,Europe,DE
DEU,Germany,28161,Global Gender Gap Educational Attainment Subindex,Index,0.9954,0.9954,0.9954,0.9953,0.9945,0.9942,0.9848,0.9818,0.9995,0.987,0.966,0.97,0.976,0.972,0.997,Europe,DE
DEU,Germany,28163,Global Gender Gap Health and Survival Subindex,Index,0.9791,0.9783,0.9783,0.9783,0.9784,0.9784,0.978,0.978,0.9739,0.979,0.979,0.975,0.973,0.973,0.962,Europe,DE
DNK,Denmark,27959,Overall Global Gender Gap Index,Index,0.7462,0.7519,0.7538,0.7628,0.7719,0.7778,0.7777,0.7779,0.8025,0.767,0.754,0.7759999999999999,0.778,0.782,0.768,Europe,DK
DNK,Denmark,27961,Global Gender Gap Political Empowerment subindex,Index,0.3045,0.3045,0.334,0.334,0.3695,0.3696,0.3645,0.3738,0.4306,0.309,0.309,0.406,0.406,0.421,0.371,Europe,DK
DNK,Denmark,28159,Global Gender Gap Economic Participation and Opportunity Subindex,Index,0.7081,0.7336,0.7116,0.7477,0.7438,0.7672,0.7724,0.7639,0.8053,0.7879999999999999,0.735,0.728,0.7340000000000001,0.735,0.736,Europe,DK
DNK,Denmark,28161,Global Gender Gap Educational Attainment Subindex,Index,1.0,1.0,1.0,1.0,1.0,1.0,1.0,1.0,1.0,1.0,1.0,1.0,1.0,1.0,1.0,Europe,DK
DNK,Denmark,28163,Global Gender Gap Health and Survival Subindex,Index,0.9723,0.9696,0.9696,0.9696,0.9743,0.9743,0.9739,0.9739,0.9741,0.97,0.97,0.971,0.971,0.971,0.98,Europe,DK
DOM,Dominican Republic,27959,Overall Global Gender Gap Index,Index,0.6639,0.6705,0.6744,0.6859,0.6774,0.6682,0.6659,0.6867,0.6906,0.6859999999999999,0.6759999999999999,0.6970000000000001,0.701,0.7,0.6990000000000001,North America,DO
DOM,Dominican Republic,27961,Global Gender Gap Political Empowerment subindex,Index,0.1172,0.1172,0.1172,0.1172,0.087,0.1049,0.1184,0.1184,0.1283,0.14,0.085,0.179,0.179,0.163,0.172,North America,DO
DOM,Dominican Republic,28159,Global Gender Gap Economic Participation and Opportunity Subindex,Index,0.5589999999999999,0.5851,0.6008,0.647,0.6516,0.5969,0.6052,0.6751,0.6794,0.648,0.6579999999999999,0.638,0.65,0.66,0.6459999999999999,North America,DO
DOM,Dominican Republic,28161,Global Gender Gap Educational Attainment Subindex,Index,1.0,1.0,1.0,1.0,1.0,1.0,0.9688,0.9822,0.9842,0.984,0.989,0.991,0.997,0.998,1.0,North America,DO
DOM,Dominican Republic,28163,Global Gender Gap Health and Survival Subindex,Index,0.9796,0.9796,0.9796,0.9796,0.9711,0.9711,0.9711,0.9711,0.9706,0.971,0.971,0.98,0.98,0.98,0.98,North America,DO
DZA,Algeria,27959,Overall Global Gender Gap Index,Index,0.6018,0.6068,0.6111,0.6119,0.6052,0.5991,0.6112,0.5966,0.6182,0.632,0.642,0.629,0.629,0.634,0.633,Africa,DZ
DZA,Algeria,27961,Global Gender Gap Political Empowerment subindex,Index,0.0495,0.0495,0.0558,0.0558,0.035,0.035,0.1511,0.1511,0.1772,0.205,0.205,0.145,0.145,0.145,0.151,Africa,DZ
DZA,Algeria,28159,Global Gender Gap Economic Participation and Opportunity Subindex,Index,0.4428,0.4643,0.468,0.4697,0.4666,0.4452,0.3776,0.3307,0.393,0.41,0.435,0.442,0.452,0.461,0.456,Africa,DZ
DZA,Algeria,28161,Global Gender Gap Educational Attainment Subindex,Index,0.9438,0.9422,0.9491,0.9505,0.953,0.9502,0.9499,0.9387,0.9363,0.946,0.962,0.957,0.957,0.966,0.966,Africa,DZ
DZA,Algeria,28163,Global Gender Gap Health and Survival Subindex,Index,0.9712,0.9714,0.9714,0.9714,0.9661,0.9661,0.9661,0.9661,0.9661,0.966,0.966,0.97,0.962,0.962,0.948,Africa,DZ
ECU,Ecuador,27959,Overall Global Gender Gap Index,Index,0.6433,0.6881,0.7091,0.722,0.7072,0.7035,0.7206,0.7389,0.7455,0.738,0.726,0.7240000000000001,0.7290000000000001,0.7290000000000001,0.7390000000000001,South America,EC
ECU,Ecuador,27961,Global Gender Gap Political Empowerment subindex,Index,0.1003,0.1446,0.2381,0.2826,0.2665,0.2668,0.3126,0.3604,0.2914,0.297,0.297,0.28300000000000003,0.28300000000000003,0.26,0.318,South America,EC
ECU,Ecuador,28159,Global Gender Gap Economic Participation and Opportunity Subindex,Index,0.4994,0.6344,0.6234,0.6302,0.5985,0.5838,0.5997,0.6253,0.7154,0.677,0.631,0.642,0.657,0.68,0.675,South America,EC
ECU,Ecuador,28161,Global Gender Gap Educational Attainment Subindex,Index,0.9939,0.9939,0.9953,0.9955,0.9879,0.9877,0.9942,0.9942,0.9956,0.996,0.996,0.996,0.996,0.997,0.997,South America,EC
ECU,Ecuador,28163,Global Gender Gap Health and Survival Subindex,Index,0.9796,0.9796,0.9796,0.9796,0.9758,0.9758,0.9758,0.9758,0.9796,0.98,0.98,0.977,0.978,0.978,0.964,South America,EC
EGY,"Egypt, Arab Rep.",27959,Overall Global Gender Gap Index,Index,0.5785,0.5809,0.5832,0.5862,0.5899,0.5933,0.5975,0.5935,0.6064,0.599,0.614,0.608,0.614,0.629,0.639,Africa,EG
EGY,"Egypt, Arab Rep.",27961,Global Gender Gap Political Empowerment subindex,Index,0.0218,0.0218,0.0227,0.0227,0.0311,0.0311,0.0348,0.0348,0.0413,0.048,0.087,0.087,0.087,0.133,0.196,Africa,EG
EGY,"Egypt, Arab Rep.",28159,Global Gender Gap Economic Participation and Opportunity Subindex,Index,0.4157,0.421,0.4367,0.4498,0.453,0.4573,0.4536,0.4426,0.4609,0.441,0.444,0.413,0.421,0.438,0.421,Africa,EG
EGY,"Egypt, Arab Rep.",28161,Global Gender Gap Educational Attainment Subindex,Index,0.903,0.9091,0.9018,0.9004,0.8987,0.9081,0.9248,0.9199,0.9467,0.935,0.952,0.96,0.975,0.973,0.973,Africa,EG
EGY,"Egypt, Arab Rep.",28163,Global Gender Gap Health and Survival Subindex,Index,0.9738,0.9717,0.9717,0.9717,0.9768,0.9768,0.9768,0.9768,0.9765,0.971,0.971,0.971,0.974,0.974,0.979,Africa,EG
ESP,Spain,27959,Overall Global Gender Gap Index,Index,0.7319,0.7444,0.7281,0.7345,0.7554,0.758,0.7266,0.7266,0.7325,0.742,0.738,0.746,0.746,0.795,0.7879999999999999,Europe,ES
ESP,Spain,27961,Global Gender Gap Political Empowerment subindex,Index,0.4214,0.4214,0.3688,0.3688,0.4258,0.426,0.2841,0.2841,0.3139,0.326,0.316,0.354,0.354,0.527,0.491,Europe,ES
ESP,Spain,28159,Global Gender Gap Economic Participation and Opportunity Subindex,Index,0.5391,0.5887,0.5770000000000001,0.6017,0.624,0.6328,0.6462,0.6521,0.647,0.674,0.6679999999999999,0.657,0.66,0.6809999999999999,0.6990000000000001,Europe,ES
ESP,Spain,28161,Global Gender Gap Educational Attainment Subindex,Index,0.9941,0.9943,0.9938,0.9945,0.9964,0.997,0.9971,0.9971,0.9973,0.998,0.998,0.998,0.998,0.998,0.998,Europe,ES
ESP,Spain,28163,Global Gender Gap Health and Survival Subindex,Index,0.973,0.973,0.973,0.973,0.9755,0.9761,0.9791,0.973,0.9719,0.972,0.972,0.973,0.972,0.972,0.98,Europe,ES
EST,Estonia,27959,Overall Global Gender Gap Index,Index,0.6944,0.7008,0.7076,0.7094,0.7018,0.6983,0.6977,0.6997,0.7017,0.7490000000000001,0.747,0.731,0.7340000000000001,0.7509999999999999,0.733,Europe,EE
EST,Estonia,27961,Global Gender Gap Political Empowerment subindex,Index,0.1167,0.1313,0.1555,0.1555,0.1138,0.0989,0.0989,0.1038,0.1221,0.308,0.308,0.218,0.228,0.294,0.201,Europe,EE
EST,Estonia,28159,Global Gender Gap Economic Participation and Opportunity Subindex,Index,0.6824,0.6935,0.7004,0.705,0.7193,0.7201,0.7193,0.7228,0.7055,0.711,0.703,0.726,0.7290000000000001,0.736,0.754,Europe,EE
EST,Estonia,28161,Global Gender Gap Educational Attainment Subindex,Index,0.9992,0.9992,0.9954,0.9979,0.9967,0.9967,0.9936,0.9931,1.0,0.999,0.995,1.0,1.0,1.0,1.0,Europe,EE
EST,Estonia,28163,Global Gender Gap Health and Survival Subindex,Index,0.9791,0.9791,0.9791,0.9791,0.9773,0.9773,0.9791,0.9791,0.9791,0.98,0.98,0.979,0.979,0.974,0.978,Europe,EE
ETH,Ethiopia,27959,Overall Global Gender Gap Index,Index,0.5945,0.5991,0.5867,0.5948,0.6019,0.6136,0.62,0.6198,0.6144,0.64,0.662,0.6559999999999999,0.6559999999999999,0.705,0.691,Africa,ET
ETH,Ethiopia,27961,Global Gender Gap Political Empowerment subindex,Index,0.1023,0.1023,0.1129,0.1129,0.1021,0.139,0.1457,0.1457,0.1563,0.232,0.231,0.223,0.223,0.4270000000000001,0.382,Africa,ET
ETH,Ethiopia,28159,Global Gender Gap Economic Participation and Opportunity Subindex,Index,0.5683,0.5852,0.5654,0.5975,0.6316,0.6373,0.6219,0.6148,0.6177,0.608,0.599,0.604,0.606,0.568,0.56,Africa,ET
ETH,Ethiopia,28161,Global Gender Gap Educational Attainment Subindex,Index,0.7392,0.7403,0.7001,0.7001,0.7003,0.7043,0.7386,0.7451,0.7113,0.741,0.84,0.8190000000000001,0.8190000000000001,0.85,0.85,Africa,ET
ETH,Ethiopia,28163,Global Gender Gap Health and Survival Subindex,Index,0.9687,0.9686,0.9686,0.9686,0.9737,0.9737,0.9737,0.9737,0.9725,0.978,0.978,0.979,0.976,0.976,0.97,Africa,ET
FIN,Finland,27959,Overall Global Gender Gap Index,Index,0.7958,0.8044,0.8195,0.8252,0.826,0.8383,0.8451,0.8421,0.8453,0.85,0.845,0.823,0.821,0.8320000000000001,0.861,Europe,FI
FIN,Finland,27961,Global Gender Gap Political Empowerment subindex,Index,0.4704,0.5165,0.5577,0.5709,0.5686,0.606,0.6162,0.6162,0.6162,0.607,0.607,0.519,0.519,0.563,0.669,Europe,FI
FIN,Finland,28159,Global Gender Gap Economic Participation and Opportunity Subindex,Index,0.7341,0.7225,0.7408,0.7504,0.7566,0.7681,0.7847,0.7727,0.7859,0.815,0.794,0.7929999999999999,0.7859999999999999,0.7879999999999999,0.8059999999999999,Europe,FI
FIN,Finland,28161,Global Gender Gap Educational Attainment Subindex,Index,0.9992,0.9992,1.0,1.0,0.9993,0.9995,1.0,1.0,1.0,1.0,1.0,1.0,1.0,1.0,1.0,Europe,FI
FIN,Finland,28163,Global Gender Gap Health and Survival Subindex,Index,0.9796,0.9796,0.9796,0.9796,0.9796,0.9796,0.9796,0.9796,0.9789,0.98,0.98,0.978,0.977,0.977,0.98,Europe,FI
FRA,France,27959,Overall Global Gender Gap Index,Index,0.652,0.6824,0.7341,0.7331,0.7025,0.7018,0.6984,0.7089,0.7588,0.7609999999999999,0.755,0.778,0.779,0.7809999999999999,0.784,Europe,FR
FRA,France,27961,Global Gender Gap Political Empowerment subindex,Index,0.104,0.104,0.2939,0.2939,0.1695,0.1691,0.1452,0.187,0.35200000000000004,0.365,0.365,0.453,0.458,0.459,0.457,Europe,FR
FRA,France,28159,Global Gender Gap Economic Participation and Opportunity Subindex,Index,0.5247,0.6459999999999999,0.6631,0.6591,0.6609999999999999,0.6587,0.6687,0.669,0.7036,0.6990000000000001,0.6759999999999999,0.6829999999999999,0.685,0.691,0.71,Europe,FR
FRA,France,28161,Global Gender Gap Educational Attainment Subindex,Index,1.0,1.0,1.0,1.0,1.0,1.0,1.0,1.0,1.0,1.0,1.0,1.0,1.0,1.0,1.0,Europe,FR
FRA,France,28163,Global Gender Gap Health and Survival Subindex,Index,0.9796,0.9796,0.9796,0.9796,0.9796,0.9796,0.9796,0.9796,0.9796,0.98,0.98,0.977,0.974,0.974,0.98,Europe,FR
GBR,United Kingdom,27959,Overall Global Gender Gap Index,Index,0.7365,0.7441,0.7366,0.7402,0.746,0.7462,0.7433,0.7440000000000001,0.7383,0.758,0.752,0.77,0.774,0.767,0.775,Europe,GB
GBR,United Kingdom,27961,Global Gender Gap Political Empowerment subindex,Index,0.3074,0.3074,0.2801,0.2801,0.2933,0.2927,0.2737,0.2747,0.2698,0.335,0.335,0.404,0.421,0.396,0.419,Europe,GB
GBR,United Kingdom,28159,Global Gender Gap Economic Participation and Opportunity Subindex,Index,0.6643,0.6947,0.6918,0.7064,0.721,0.7224,0.7305,0.732,0.7140000000000001,0.7240000000000001,0.7,0.705,0.705,0.7040000000000001,0.716,Europe,GB
GBR,United Kingdom,28161,Global Gender Gap Educational Attainment Subindex,Index,1.0,1.0,1.0,1.0,1.0,1.0,0.9993,0.9994,0.9996,1.0,0.999,0.999,0.999,0.999,0.999,Europe,GB
GBR,United Kingdom,28163,Global Gender Gap Health and Survival Subindex,Index,0.9742,0.9745,0.9745,0.9745,0.9698,0.9698,0.9698,0.9698,0.9699,0.974,0.974,0.971,0.97,0.97,0.98,Europe,GB
GEO,Georgia,27959,Overall Global Gender Gap Index,Index,0.67,0.6665,0.6654,0.6679999999999999,0.6598,0.6624,0.6691,0.675,0.6855,0.687,0.6809999999999999,0.679,0.677,0.708,0.732,Asia,GE
GEO,Georgia,27961,Global Gender Gap Political Empowerment subindex,Index,0.1042,0.1042,0.0881,0.0726,0.0388,0.039,0.0711,0.0915,0.1111,0.08900000000000001,0.08900000000000001,0.093,0.093,0.154,0.245,Asia,GE
GEO,Georgia,28159,Global Gender Gap Economic Participation and Opportunity Subindex,Index,0.6565,0.6304,0.635,0.6753,0.6751,0.6725,0.6766,0.6741,0.6751,0.6920000000000001,0.679,0.669,0.654,0.701,0.705,Asia,GE
GEO,Georgia,28161,Global Gender Gap Educational Attainment Subindex,Index,0.9967,0.9982,1.0,0.9855,0.9813,0.99,0.979,0.979,0.9887,1.0,0.989,0.989,0.996,1.0,1.0,Asia,GE
GEO,Georgia,28163,Global Gender Gap Health and Survival Subindex,Index,0.9227,0.9332,0.9386,0.9386,0.9441,0.948,0.9497,0.9553,0.967,0.967,0.967,0.967,0.967,0.976,0.972,Asia,GE
GHA,Ghana,27959,Overall Global Gender Gap Index,Index,0.6652,0.6725,0.6679,0.6704,0.6782,0.6811,0.6778,0.6811,0.6661,0.7040000000000001,0.705,0.695,0.688,0.6729999999999999,0.6659999999999999,Africa,GH
GHA,Ghana,27961,Global Gender Gap Political Empowerment subindex,Index,0.071,0.071,0.0847,0.0733,0.0961,0.0962,0.0839,0.0937,0.1097,0.112,0.112,0.097,0.097,0.129,0.135,Africa,GH
GHA,Ghana,28159,Global Gender Gap Economic Participation and Opportunity Subindex,Index,0.7535,0.7806,0.7445,0.7548,0.7577,0.7581,0.7543,0.7662,0.6772,0.8079999999999999,0.805,0.784,0.753,0.642,0.598,Africa,GH
GHA,Ghana,28161,Global Gender Gap Educational Attainment Subindex,Index,0.8682,0.8711,0.8749,0.8859999999999999,0.8915,0.9027,0.9055,0.897,0.9104,0.924,0.931,0.931,0.935,0.951,0.951,Africa,GH
GHA,Ghana,28163,Global Gender Gap Health and Survival Subindex,Index,0.9685,0.9674,0.9674,0.9674,0.9674,0.9674,0.9674,0.9674,0.9669,0.973,0.973,0.968,0.968,0.968,0.973,Africa,GH
GRC,Greece,27959,Overall Global Gender Gap Index,Index,0.654,0.6648,0.6727,0.6662,0.6908,0.6916,0.6716,0.6782,0.6784,0.685,0.68,0.6920000000000001,0.696,0.701,0.6890000000000001,Europe,GR
GRC,Greece,27961,Global Gender Gap Political Empowerment subindex,Index,0.0609,0.0609,0.0863,0.0863,0.1773,0.1772,0.0858,0.0969,0.0961,0.12,0.104,0.136,0.138,0.16399999999999998,0.123,Europe,GR
GRC,Greece,28159,Global Gender Gap Economic Participation and Opportunity Subindex,Index,0.5855,0.6302,0.6314,0.6067,0.6209,0.6242,0.6329,0.647,0.6434,0.644,0.649,0.67,0.684,0.675,0.672,Europe,GR
GRC,Greece,28161,Global Gender Gap Educational Attainment Subindex,Index,0.9918,0.9894,0.9944,0.9934,0.9935,0.9938,0.994,0.9953,0.9954,0.996,0.987,0.991,0.992,0.993,0.994,Europe,GR
GRC,Greece,28163,Global Gender Gap Health and Survival Subindex,Index,0.9779,0.9785,0.9785,0.9785,0.9712,0.9712,0.9737,0.9737,0.9785,0.979,0.979,0.973,0.971,0.971,0.98,Europe,GR
GTM,Guatemala,27959,Overall Global Gender Gap Index,Index,0.6066,0.6144,0.6072,0.6209,0.6238,0.6229,0.626,0.6304,0.6821,0.667,0.6659999999999999,0.667,0.6679999999999999,0.6659999999999999,0.655,North America,GT
GTM,Guatemala,27961,Global Gender Gap Political Empowerment subindex,Index,0.1101,0.1101,0.0599,0.0599,0.0423,0.0422,0.0475,0.0475,0.1374,0.109,0.112,0.102,0.102,0.092,0.112,North America,GT
GTM,Guatemala,28159,Global Gender Gap Economic Participation and Opportunity Subindex,Index,0.4425,0.4715,0.4746,0.5061,0.528,0.5236,0.5259,0.5422,0.6622,0.627,0.613,0.626,0.623,0.623,0.56,North America,GT
GTM,Guatemala,28161,Global Gender Gap Educational Attainment Subindex,Index,0.8945,0.8966,0.9148,0.9382,0.9453,0.946,0.9511,0.9522,0.9492,0.953,0.96,0.962,0.968,0.969,0.969,North America,GT
GTM,Guatemala,28163,Global Gender Gap Health and Survival Subindex,Index,0.9796,0.9796,0.9796,0.9796,0.9796,0.9796,0.9796,0.9796,0.9796,0.98,0.98,0.98,0.98,0.98,0.975,North America,GT
HND,Honduras,27959,Overall Global Gender Gap Index,Index,0.6483,0.6661,0.696,0.6893,0.6927,0.6945,0.6763,0.6773,0.6935,0.688,0.69,0.711,0.706,0.722,0.716,North America,HN
HND,Honduras,27961,Global Gender Gap Political Empowerment subindex,Index,0.1359,0.1359,0.1707,0.1727,0.2052,0.2053,0.128,0.128,0.1606,0.16,0.16,0.2,0.17600000000000002,0.199,0.179,North America,HN
HND,Honduras,28159,Global Gender Gap Economic Participation and Opportunity Subindex,Index,0.4777,0.5488,0.6338,0.6048,0.5904,0.5972,0.6009,0.6061,0.6391,0.617,0.623,0.669,0.6729999999999999,0.713,0.721,North America,HN
HND,Honduras,28161,Global Gender Gap Educational Attainment Subindex,Index,1.0,1.0,1.0,1.0,0.9991,0.9991,0.9999,0.9988,0.9981,1.0,1.0,1.0,1.0,1.0,1.0,North America,HN
HND,Honduras,28163,Global Gender Gap Health and Survival Subindex,Index,0.9796,0.9796,0.9796,0.9796,0.9762,0.9762,0.9762,0.9762,0.976,0.976,0.976,0.974,0.977,0.977,0.969,North America,HN
HRV,Croatia,27959,Overall Global Gender Gap Index,Index,0.7145,0.721,0.6967,0.6944,0.6939,0.7006,0.7053,0.7069,0.7075,0.708,0.7,0.711,0.7120000000000001,0.72,0.733,Europe,HR
HRV,Croatia,27961,Global Gender Gap Political Empowerment subindex,Index,0.2375,0.2375,0.1579,0.1579,0.1417,0.1598,0.1779,0.1779,0.1817,0.193,0.154,0.18,0.191,0.232,0.294,Europe,HR
HRV,Croatia,28159,Global Gender Gap Economic Participation and Opportunity Subindex,Index,0.6507,0.6783,0.6554,0.6458,0.6606,0.6676,0.6691,0.6753,0.6753,0.664,0.672,0.6890000000000001,0.6809999999999999,0.674,0.6659999999999999,Europe,HR
HRV,Croatia,28161,Global Gender Gap Educational Attainment Subindex,Index,0.9905,0.9892,0.9944,0.9946,0.9939,0.9954,0.995,0.9951,0.9938,0.994,0.995,0.995,0.998,0.995,0.995,Europe,HR
HRV,Croatia,28163,Global Gender Gap Health and Survival Subindex,Index,0.9791,0.9791,0.9791,0.9791,0.9796,0.9796,0.9791,0.9791,0.9791,0.979,0.979,0.98,0.98,0.979,0.973,Europe,HR
HUN,Hungary,27959,Overall Global Gender Gap Index,Index,0.6698,0.6731,0.6867,0.6879,0.672,0.6642,0.6718,0.6742,0.6759,0.672,0.669,0.67,0.674,0.677,0.688,Europe,HU
HUN,Hungary,27961,Global Gender Gap Political Empowerment subindex,Index,0.069,0.069,0.1061,0.1061,0.0309,0.031,0.0574,0.0574,0.0636,0.035,0.035,0.035,0.045,0.065,0.112,Europe,HU
HUN,Hungary,28159,Global Gender Gap Economic Participation and Opportunity Subindex,Index,0.6402,0.653,0.6687,0.6738,0.6894,0.6537,0.6591,0.6677,0.6683,0.685,0.672,0.675,0.68,0.672,0.669,Europe,HU
HUN,Hungary,28161,Global Gender Gap Educational Attainment Subindex,Index,0.9908,0.9913,0.9928,0.9924,0.99,0.9926,0.9915,0.9925,0.9924,0.991,0.992,0.992,0.994,0.993,0.993,Europe,HU
HUN,Hungary,28163,Global Gender Gap Health and Survival Subindex,Index,0.9791,0.9791,0.9791,0.9791,0.9779,0.9796,0.9791,0.9791,0.9791,0.979,0.979,0.979,0.979,0.98,0.971,Europe,HU
IDN,Indonesia,27959,Overall Global Gender Gap Index,Index,0.6541,0.655,0.6473,0.6579999999999999,0.6615,0.6594,0.6591,0.6613,0.6725,0.6809999999999999,0.682,0.691,0.691,0.7,0.688,Asia,ID
IDN,Indonesia,27961,Global Gender Gap Political Empowerment subindex,Index,0.1007,0.1007,0.1014,0.1224,0.1407,0.14,0.1316,0.1334,0.1262,0.168,0.168,0.193,0.193,0.172,0.16399999999999998,Asia,ID
IDN,Indonesia,28159,Global Gender Gap Economic Participation and Opportunity Subindex,Index,0.5982,0.5986,0.5714,0.5722,0.575,0.5642,0.565,0.5881,0.5984,0.593,0.598,0.61,0.629,0.685,0.647,Asia,ID
IDN,Indonesia,28161,Global Gender Gap Educational Attainment Subindex,Index,0.9488,0.9488,0.9445,0.9656,0.964,0.9671,0.9734,0.9574,0.989,0.986,0.987,0.986,0.967,0.97,0.97,Asia,ID
IDN,Indonesia,28163,Global Gender Gap Health and Survival Subindex,Index,0.9687,0.9719,0.9719,0.9719,0.9663,0.9663,0.9663,0.9663,0.9762,0.976,0.976,0.976,0.974,0.974,0.98,Asia,ID
IND,India,27959,Overall Global Gender Gap Index,Index,0.601,0.5936,0.606,0.6151,0.6155,0.619,0.6442,0.6551,0.6455,0.664,0.6829999999999999,0.669,0.665,0.6679999999999999,0.625,Asia,IN
IND,India,27961,Global Gender Gap Political Empowerment subindex,Index,0.2266,0.2266,0.2484,0.2731,0.2913,0.3119,0.3343,0.3852,0.3855,0.433,0.433,0.407,0.382,0.411,0.276,Asia,IN
IND,India,28159,Global Gender Gap Economic Participation and Opportunity Subindex,Index,0.3967,0.3977,0.399,0.4125,0.4025,0.396,0.4588,0.4465,0.4096,0.383,0.408,0.376,0.385,0.354,0.326,Asia,IN
IND,India,28161,Global Gender Gap Educational Attainment Subindex,Index,0.8188,0.8188,0.8452,0.8434,0.8369,0.8369,0.8525,0.8574,0.8503,0.8959999999999999,0.95,0.952,0.953,0.962,0.962,Asia,IN
IND,India,28163,Global Gender Gap Health and Survival Subindex,Index,0.9624,0.9315,0.9315,0.9315,0.9312,0.9312,0.9312,0.9312,0.9366,0.942,0.942,0.942,0.94,0.944,0.967,Asia,IN
IRL,Ireland,27959,Overall Global Gender Gap Index,Index,0.7335,0.7457,0.7518,0.7597,0.7773,0.7829999999999999,0.7839,0.7823,0.785,0.807,0.797,0.794,0.7959999999999999,0.7979999999999999,0.8,Europe,IE
IRL,Ireland,27961,Global Gender Gap Political Empowerment subindex,Index,0.3233,0.3431,0.3535,0.3742,0.3985,0.4257,0.4115,0.4115,0.414,0.474,0.502,0.493,0.493,0.493,0.504,Europe,IE
IRL,Ireland,28159,Global Gender Gap Economic Participation and Opportunity Subindex,Index,0.6404,0.667,0.6811,0.6918,0.7409,0.7322,0.7514,0.745,0.7543,0.777,0.7090000000000001,0.71,0.725,0.732,0.733,Europe,IE
IRL,Ireland,28161,Global Gender Gap Educational Attainment Subindex,Index,1.0,1.0,1.0,1.0,1.0,1.0,0.9988,0.9988,0.9979,0.998,1.0,1.0,0.996,0.998,0.998,Europe,IE
IRL,Ireland,28163,Global Gender Gap Health and Survival Subindex,Index,0.9701,0.9727,0.9727,0.9727,0.97,0.9741,0.9737,0.9737,0.9739,0.979,0.979,0.971,0.97,0.97,0.973,Europe,IE
ISL,Iceland,27959,Overall Global Gender Gap Index,Index,0.7813,0.7836,0.7999,0.8276,0.8496,0.853,0.8640000000000001,0.8731,0.8594,0.8809999999999999,0.8740000000000001,0.878,0.858,0.877,0.892,Europe,IS
ISL,Iceland,27961,Global Gender Gap Political Empowerment subindex,Index,0.456,0.456,0.5044,0.5905,0.6748,0.6971,0.7325,0.7544,0.6554,0.7190000000000001,0.7190000000000001,0.75,0.674,0.701,0.76,Europe,IS
ISL,Iceland,28159,Global Gender Gap Economic Participation and Opportunity Subindex,Index,0.7107,0.7213,0.7323,0.7502,0.754,0.7453,0.754,0.7684,0.8169,0.836,0.8059999999999999,0.7979999999999999,0.7929999999999999,0.8390000000000001,0.846,Europe,IS
ISL,Iceland,28161,Global Gender Gap Educational Attainment Subindex,Index,0.9905,0.9874,0.9934,1.0,1.0,1.0,1.0,1.0,1.0,1.0,1.0,0.995,0.999,0.999,0.999,Europe,IS
ISL,Iceland,28163,Global Gender Gap Health and Survival Subindex,Index,0.9679,0.9697,0.9697,0.9697,0.9696,0.9696,0.9696,0.9696,0.9654,0.97,0.97,0.969,0.968,0.968,0.975,Europe,IS
ISR,Israel,27959,Overall Global Gender Gap Index,Index,0.6889,0.6965,0.69,0.7019,0.6957,0.6926,0.6989,0.7032,0.7005,0.7120000000000001,0.7190000000000001,0.721,0.722,0.718,0.7240000000000001,Asia,IL
ISR,Israel,27961,Global Gender Gap Political Empowerment subindex,Index,0.1501,0.1501,0.1351,0.1496,0.1375,0.1412,0.1559,0.1643,0.1965,0.205,0.224,0.232,0.232,0.214,0.227,Asia,IL
ISR,Israel,28159,Global Gender Gap Economic Participation and Opportunity Subindex,Index,0.6409999999999999,0.6707,0.6589,0.693,0.6883,0.6721,0.6824,0.6915,0.6392,0.6709999999999999,0.6779999999999999,0.6809999999999999,0.684,0.688,0.705,Asia,IL
ISR,Israel,28161,Global Gender Gap Educational Attainment Subindex,Index,0.9951,0.9951,0.9961,0.995,0.9874,0.9874,0.9874,0.9874,0.9964,0.996,1.0,1.0,1.0,1.0,1.0,Asia,IL
ISR,Israel,28163,Global Gender Gap Health and Survival Subindex,Index,0.9694,0.9699,0.9699,0.9699,0.9697,0.9697,0.9697,0.9697,0.9698,0.974,0.974,0.971,0.971,0.971,0.975,Asia,IL
ITA,Italy,27959,Overall Global Gender Gap Index,Index,0.6456,0.6498,0.6788,0.6798,0.6765,0.6796,0.6729,0.6885,0.6973,0.726,0.7190000000000001,0.6920000000000001,0.706,0.7070000000000001,0.721,Europe,IT
ITA,Italy,27961,Global Gender Gap Political Empowerment subindex,Index,0.0872,0.0872,0.1604,0.1619,0.1523,0.1525,0.1348,0.1912,0.2479,0.331,0.331,0.234,0.267,0.267,0.313,Europe,IT
ITA,Italy,28159,Global Gender Gap Economic Participation and Opportunity Subindex,Index,0.5265,0.5432,0.5872,0.5898,0.5893,0.5976,0.5913,0.5973,0.5738,0.603,0.574,0.5710000000000001,0.5920000000000001,0.595,0.609,Europe,IT
ITA,Italy,28161,Global Gender Gap Educational Attainment Subindex,Index,0.9969,0.9969,0.9957,0.9955,0.9948,0.9945,0.9923,0.9924,0.9939,0.995,0.995,0.995,0.995,0.997,0.997,Europe,IT
ITA,Italy,28163,Global Gender Gap Health and Survival Subindex,Index,0.9717,0.9719,0.9719,0.9719,0.9697,0.9738,0.9733,0.9733,0.9737,0.974,0.974,0.967,0.969,0.969,0.98,Europe,IT
JAM,Jamaica,27959,Overall Global Gender Gap Index,Index,0.7014,0.6925,0.698,0.7013,0.7037,0.7028,0.7035,0.7085,0.7128,0.703,0.7240000000000001,0.7170000000000001,0.7240000000000001,0.735,0.741,North America,JM
JAM,Jamaica,27961,Global Gender Gap Political Empowerment subindex,Index,0.0983,0.0983,0.0913,0.0913,0.0967,0.0961,0.1247,0.1345,0.1447,0.155,0.183,0.171,0.171,0.197,0.23,North America,JM
JAM,Jamaica,28159,Global Gender Gap Economic Participation and Opportunity Subindex,Index,0.7377,0.7009,0.7301,0.7429,0.7535,0.7508,0.7214,0.7317,0.7284,0.6779999999999999,0.733,0.725,0.747,0.767,0.768,North America,JM
JAM,Jamaica,28161,Global Gender Gap Educational Attainment Subindex,Index,1.0,1.0,1.0,1.0,0.9849,0.9849,0.9884,0.9884,0.9984,0.998,1.0,1.0,1.0,1.0,1.0,North America,JM
JAM,Jamaica,28163,Global Gender Gap Health and Survival Subindex,Index,0.9696,0.9707,0.9707,0.9707,0.9796,0.9796,0.9796,0.9796,0.9796,0.98,0.98,0.972,0.976,0.976,0.968,North America,JM
JOR,Jordan,27959,Overall Global Gender Gap Index,Index,0.6109,0.6203,0.6275,0.6182,0.6048,0.6117,0.6103,0.6093,0.5968,0.593,0.603,0.604,0.605,0.623,0.638,Asia,JO
JOR,Jordan,27961,Global Gender Gap Political Empowerment subindex,Index,0.0476,0.0476,0.0642,0.0642,0.0394,0.0558,0.0552,0.0607,0.0731,0.073,0.073,0.075,0.075,0.121,0.066,Asia,JO
JOR,Jordan,28159,Global Gender Gap Economic Participation and Opportunity Subindex,Index,0.4421,0.4832,0.4889,0.4524,0.4225,0.4333,0.4296,0.4145,0.358,0.35,0.381,0.377,0.375,0.408,0.5379999999999999,Asia,JO
JOR,Jordan,28161,Global Gender Gap Educational Attainment Subindex,Index,0.9793,0.9793,0.986,0.9852,0.9869,0.9869,0.9859,0.9915,0.9906,0.983,0.993,0.996,0.998,0.991,0.991,Asia,JO
JOR,Jordan,28163,Global Gender Gap Health and Survival Subindex,Index,0.9746,0.971,0.971,0.971,0.9706,0.9706,0.9706,0.9706,0.9655,0.966,0.966,0.969,0.971,0.971,0.967,Asia,JO
JPN,Japan,27959,Overall Global Gender Gap Index,Index,0.6447,0.6455,0.6434,0.6445,0.6524,0.6514,0.653,0.6498,0.6584,0.67,0.66,0.657,0.662,0.652,0.6559999999999999,Asia,JP
JPN,Japan,27961,Global Gender Gap Political Empowerment subindex,Index,0.0675,0.0675,0.0651,0.0651,0.0722,0.0724,0.0705,0.0603,0.0583,0.103,0.103,0.078,0.081,0.049,0.061,Asia,JP
JPN,Japan,28159,Global Gender Gap Economic Participation and Opportunity Subindex,Index,0.5453,0.5489,0.544,0.5488,0.5718,0.5673,0.5756,0.5841,0.6182,0.611,0.569,0.58,0.595,0.598,0.604,Asia,JP
JPN,Japan,28161,Global Gender Gap Educational Attainment Subindex,Index,0.9864,0.9864,0.9854,0.9851,0.986,0.9862,0.9869,0.9757,0.9781,0.988,0.99,0.991,0.994,0.983,0.983,Asia,JP
JPN,Japan,28163,Global Gender Gap Health and Survival Subindex,Index,0.9796,0.9791,0.9791,0.9791,0.9796,0.9796,0.9791,0.9791,0.9791,0.979,0.979,0.98,0.979,0.979,0.978,Asia,JP
KAZ,Kazakhstan,27959,Overall Global Gender Gap Index,Index,0.6928,0.6983,0.6976,0.7013,0.7055,0.701,0.7213,0.7218,0.721,0.7190000000000001,0.718,0.713,0.7120000000000001,0.71,0.71,Asia,KZ
KAZ,Kazakhstan,27961,Global Gender Gap Political Empowerment subindex,Index,0.0888,0.0888,0.0731,0.0731,0.0799,0.0801,0.1458,0.1458,0.1662,0.14800000000000002,0.153,0.13,0.13,0.13,0.141,Asia,KZ
KAZ,Kazakhstan,28159,Global Gender Gap Economic Participation and Opportunity Subindex,Index,0.7133,0.7366,0.7413,0.7566,0.7633,0.7491,0.7675,0.7706,0.7414,0.7490000000000001,0.745,0.7440000000000001,0.741,0.742,0.728,Asia,KZ
KAZ,Kazakhstan,28161,Global Gender Gap Educational Attainment Subindex,Index,0.9902,0.9885,0.9968,0.9962,0.9994,0.9954,0.9923,0.9913,0.9966,1.0,0.995,0.997,1.0,0.995,0.995,Asia,KZ
KAZ,Kazakhstan,28163,Global Gender Gap Health and Survival Subindex,Index,0.9791,0.9791,0.9791,0.9791,0.9796,0.9796,0.9796,0.9796,0.9796,0.98,0.98,0.979,0.979,0.975,0.98,Asia,KZ
KEN,Kenya,27959,Overall Global Gender Gap Index,Index,0.6485,0.6508,0.6547,0.6512,0.6499,0.6493,0.6768,0.6803,0.7258,0.7190000000000001,0.7020000000000001,0.6940000000000001,0.7,0.6709999999999999,0.6920000000000001,Africa,KE
KEN,Kenya,27961,Global Gender Gap Political Empowerment subindex,Index,0.0528,0.0528,0.0319,0.0447,0.0774,0.0773,0.0786,0.1157,0.1969,0.182,0.182,0.147,0.159,0.16899999999999998,0.193,Africa,KE
KEN,Kenya,28159,Global Gender Gap Economic Participation and Opportunity Subindex,Index,0.6575,0.6488,0.6928,0.6832,0.6151,0.6159,0.7243,0.7146,0.8104,0.778,0.71,0.72,0.7340000000000001,0.598,0.672,Africa,KE
KEN,Kenya,28161,Global Gender Gap Educational Attainment Subindex,Index,0.9177,0.9337,0.9261,0.9089,0.9396,0.9362,0.9368,0.923,0.9229,0.942,0.943,0.929,0.929,0.938,0.929,Africa,KE
KEN,Kenya,28163,Global Gender Gap Health and Survival Subindex,Index,0.9663,0.9681,0.9681,0.9681,0.9677,0.9677,0.9677,0.9677,0.973,0.973,0.973,0.98,0.98,0.98,0.98,Africa,KE
KGZ,Kyrgyz Republic,27959,Overall Global Gender Gap Index,Index,0.6741,0.6653,0.7045,0.7058,0.6973,0.7036,0.7013,0.6948,0.6974,0.693,0.687,0.691,0.691,0.6890000000000001,0.6809999999999999,Asia,KG
KGZ,Kyrgyz Republic,27961,Global Gender Gap Political Empowerment subindex,Index,0.0353,0.0353,0.1636,0.1636,0.1347,0.1318,0.1383,0.1383,0.1506,0.153,0.132,0.13,0.13,0.13,0.108,Asia,KG
KGZ,Kyrgyz Republic,28159,Global Gender Gap Economic Participation and Opportunity Subindex,Index,0.6865,0.6529,0.6816,0.6866,0.6796,0.7071,0.7039,0.6789,0.6801,0.6579999999999999,0.6509999999999999,0.664,0.662,0.654,0.6459999999999999,Asia,KG
KGZ,Kyrgyz Republic,28161,Global Gender Gap Educational Attainment Subindex,Index,0.9952,0.9936,0.9933,0.9936,0.9953,0.996,0.99,0.9888,0.986,0.989,0.991,0.99,0.991,0.99,0.99,Asia,KG
KGZ,Kyrgyz Republic,28163,Global Gender Gap Health and Survival Subindex,Index,0.9796,0.9796,0.9796,0.9796,0.9796,0.9796,0.973,0.973,0.973,0.973,0.973,0.98,0.98,0.98,0.973,Asia,KG
KHM,Cambodia,27959,Overall Global Gender Gap Index,Index,0.629,0.6353,0.6469,0.6409999999999999,0.6482,0.6464,0.6457,0.6509,0.652,0.662,0.6579999999999999,0.6759999999999999,0.6829999999999999,0.6940000000000001,0.684,Asia,KH
KHM,Cambodia,27961,Global Gender Gap Political Empowerment subindex,Index,0.0525,0.0525,0.0933,0.0786,0.1095,0.1093,0.0916,0.0916,0.0911,0.098,0.098,0.104,0.102,0.103,0.111,Asia,KH
KHM,Cambodia,28159,Global Gender Gap Economic Participation and Opportunity Subindex,Index,0.6754,0.664,0.6588,0.6488,0.6383,0.6315,0.6402,0.6514,0.654,0.6809999999999999,0.659,0.698,0.7190000000000001,0.759,0.7290000000000001,Asia,KH
KHM,Cambodia,28161,Global Gender Gap Educational Attainment Subindex,Index,0.809,0.8451,0.8559,0.8568,0.8655,0.8651,0.8714,0.8811,0.8833,0.8909999999999999,0.897,0.921,0.938,0.939,0.919,Asia,KH
KHM,Cambodia,28163,Global Gender Gap Health and Survival Subindex,Index,0.9796,0.9796,0.9796,0.9796,0.9796,0.9796,0.9796,0.9796,0.9796,0.98,0.98,0.98,0.975,0.975,0.977,Asia,KH
KWT,Kuwait,27959,Overall Global Gender Gap Index,Index,0.6341,0.6409,0.6358,0.6356,0.6318,0.6322,0.632,0.6292,0.6457,0.6459999999999999,0.624,0.628,0.63,0.65,0.621,Asia,KW
KWT,Kuwait,27961,Global Gender Gap Political Empowerment subindex,Index,0.0047,0.0099,0.0224,0.0435,0.0435,0.0435,0.0165,0.037000000000000005,0.0275,0.022,0.022,0.027000000000000003,0.027000000000000003,0.053,0.022,Asia,KW
KWT,Kuwait,28159,Global Gender Gap Economic Participation and Opportunity Subindex,Index,0.5773,0.6036,0.5697,0.5571,0.5369,0.5407,0.5567,0.5252,0.6083,0.615,0.52,0.518,0.541,0.589,0.498,Asia,KW
KWT,Kuwait,28161,Global Gender Gap Educational Attainment Subindex,Index,0.9932,0.9888,0.99,0.9807,0.9858,0.9834,0.9936,0.9936,0.9905,0.991,0.997,0.996,0.992,0.997,0.997,Asia,KW
KWT,Kuwait,28163,Global Gender Gap Health and Survival Subindex,Index,0.9611,0.9612,0.9612,0.9612,0.9612,0.9612,0.9612,0.9612,0.9567,0.957,0.957,0.969,0.961,0.961,0.961,Asia,KW
LKA,Sri Lanka,27959,Overall Global Gender Gap Index,Index,0.7199,0.723,0.7371,0.7402,0.7458,0.7212,0.7122,0.7019,0.6903,0.6859999999999999,0.6729999999999999,0.669,0.6759999999999999,0.68,0.67,Asia,LK
LKA,Sri Lanka,27961,Global Gender Gap Political Empowerment subindex,Index,0.3652,0.3652,0.4164,0.4164,0.4103,0.4126,0.3151,0.2744,0.1965,0.193,0.196,0.188,0.188,0.193,0.16699999999999998,Asia,LK
LKA,Sri Lanka,28159,Global Gender Gap Economic Participation and Opportunity Subindex,Index,0.5447,0.557,0.5598,0.5734,0.6008,0.5598,0.5596,0.5589999999999999,0.5908,0.5770000000000001,0.53,0.521,0.5489999999999999,0.5579999999999999,0.547,Asia,LK
LKA,Sri Lanka,28161,Global Gender Gap Educational Attainment Subindex,Index,0.9902,0.9902,0.9925,0.9916,0.9926,0.9329,0.9946,0.9946,0.9942,0.995,0.988,0.986,0.988,0.988,0.988,Asia,LK
LKA,Sri Lanka,28163,Global Gender Gap Health and Survival Subindex,Index,0.9796,0.9796,0.9796,0.9796,0.9796,0.9796,0.9796,0.9796,0.9796,0.98,0.98,0.98,0.98,0.98,0.968,Asia,LK
LSO,Lesotho,27959,Overall Global Gender Gap Index,Index,0.6807,0.7078,0.732,0.7495,0.7678,0.7666,0.7608,0.753,0.7255,0.706,0.706,0.695,0.693,0.695,0.698,Africa,LS
LSO,Lesotho,27961,Global Gender Gap Political Empowerment subindex,Index,0.1362,0.1903,0.2173,0.2173,0.2128,0.213,0.2474,0.257,0.1813,0.172,0.172,0.147,0.14300000000000002,0.13699999999999998,0.165,Africa,LS
LSO,Lesotho,28159,Global Gender Gap Economic Participation and Opportunity Subindex,Index,0.6069,0.6612,0.7311,0.8013,0.8789,0.8740000000000001,0.8163,0.7756,0.7449,0.672,0.672,0.655,0.65,0.662,0.647,Africa,LS
LSO,Lesotho,28161,Global Gender Gap Educational Attainment Subindex,Index,1.0,1.0,1.0,1.0,1.0,1.0,1.0,1.0,1.0,1.0,1.0,1.0,1.0,1.0,1.0,Africa,LS
LSO,Lesotho,28163,Global Gender Gap Health and Survival Subindex,Index,0.9796,0.9796,0.9796,0.9796,0.9796,0.9796,0.9796,0.9796,0.9758,0.98,0.98,0.979,0.98,0.98,0.979,Africa,LS
LTU,Lithuania,27959,Overall Global Gender Gap Index,Index,0.7077,0.7234,0.7222,0.7175,0.7132,0.7131,0.7191,0.7308,0.7208,0.74,0.7440000000000001,0.742,0.7490000000000001,0.745,0.804,Europe,LT
LTU,Lithuania,27961,Global Gender Gap Political Empowerment subindex,Index,0.1405,0.1553,0.1726,0.1483,0.1283,0.1376,0.1469,0.1826,0.1714,0.227,0.239,0.241,0.254,0.207,0.429,Europe,LT
LTU,Lithuania,28159,Global Gender Gap Economic Participation and Opportunity Subindex,Index,0.7133,0.7612,0.7421,0.7481,0.7555,0.7440000000000001,0.7551,0.7688,0.7384,0.759,0.757,0.7490000000000001,0.765,0.795,0.8079999999999999,Europe,LT
LTU,Lithuania,28161,Global Gender Gap Educational Attainment Subindex,Index,0.9979,0.9979,0.9949,0.9946,0.9894,0.9914,0.9954,0.9928,0.9942,0.994,1.0,1.0,0.997,0.998,0.998,Europe,LT
LTU,Lithuania,28163,Global Gender Gap Health and Survival Subindex,Index,0.9791,0.9791,0.9791,0.9791,0.9796,0.9796,0.9791,0.9791,0.9791,0.979,0.979,0.98,0.98,0.979,0.976,Europe,LT
LUX,Luxembourg,27959,Overall Global Gender Gap Index,Index,0.6671,0.6786,0.6802,0.6889,0.7231,0.7216,0.7439,0.741,0.7333,0.738,0.7340000000000001,0.706,0.7120000000000001,0.725,0.726,Europe,LU
LUX,Luxembourg,27961,Global Gender Gap Political Empowerment subindex,Index,0.1353,0.1353,0.1353,0.1444,0.1673,0.1673,0.1931,0.1757,0.2123,0.212,0.212,0.184,0.184,0.206,0.247,Europe,LU
LUX,Luxembourg,28159,Global Gender Gap Economic Participation and Opportunity Subindex,Index,0.5602,0.606,0.6125,0.6381,0.7507,0.7449,0.8147,0.8162,0.7529,0.7659999999999999,0.75,0.667,0.693,0.721,0.691,Europe,LU
LUX,Luxembourg,28161,Global Gender Gap Educational Attainment Subindex,Index,1.0,1.0,1.0,1.0,1.0,1.0,0.996,1.0,1.0,1.0,1.0,1.0,1.0,1.0,1.0,Europe,LU
LUX,Luxembourg,28163,Global Gender Gap Health and Survival Subindex,Index,0.973,0.973,0.973,0.973,0.9743,0.9743,0.9719,0.9719,0.9678,0.974,0.974,0.973,0.972,0.972,0.966,Europe,LU
LVA,Latvia,27959,Overall Global Gender Gap Index,Index,0.7091,0.7333,0.7397,0.7416,0.7429,0.7399,0.7572,0.7609999999999999,0.7691,0.752,0.755,0.7559999999999999,0.758,0.785,0.778,Europe,LV
LVA,Latvia,27961,Global Gender Gap Political Empowerment subindex,Index,0.2207,0.233,0.2332,0.2332,0.2404,0.23,0.2875,0.2875,0.3038,0.246,0.255,0.246,0.246,0.355,0.313,Europe,LV
LVA,Latvia,28159,Global Gender Gap Economic Participation and Opportunity Subindex,Index,0.7051,0.7344,0.7458,0.7535,0.7516,0.7498,0.7618,0.7767,0.7931,0.784,0.785,0.7979999999999999,0.807,0.81,0.8220000000000001,Europe,LV
LVA,Latvia,28161,Global Gender Gap Educational Attainment Subindex,Index,0.9308,0.986,1.0,1.0,1.0,1.0,1.0,1.0,1.0,1.0,1.0,1.0,1.0,1.0,1.0,Europe,LV
LVA,Latvia,28163,Global Gender Gap Health and Survival Subindex,Index,0.9796,0.9796,0.9796,0.9796,0.9796,0.9796,0.9796,0.9796,0.9796,0.98,0.98,0.98,0.98,0.975,0.964,Europe,LV
MAR,Morocco,27959,Overall Global Gender Gap Index,Index,0.5826,0.5676,0.5757,0.5926,0.5767,0.5804,0.5833,0.5845,0.5988,0.593,0.597,0.598,0.607,0.605,0.612,Africa,MA
MAR,Morocco,27961,Global Gender Gap Political Empowerment subindex,Index,0.053,0.053,0.0952,0.0952,0.0671,0.0672,0.07200000000000001,0.07200000000000001,0.1096,0.11,0.11,0.117,0.117,0.095,0.126,Africa,MA
MAR,Morocco,28159,Global Gender Gap Economic Participation and Opportunity Subindex,Index,0.4612,0.4006,0.3926,0.4477,0.4077,0.4177,0.4154,0.3949,0.4,0.378,0.38,0.391,0.404,0.405,0.407,Africa,MA
MAR,Morocco,28161,Global Gender Gap Educational Attainment Subindex,Index,0.8481,0.8451,0.8437,0.8558,0.8607,0.8653,0.8744,0.9002,0.9194,0.914,0.925,0.92,0.942,0.956,0.956,Africa,MA
MAR,Morocco,28163,Global Gender Gap Health and Survival Subindex,Index,0.9684,0.9716,0.9716,0.9716,0.9712,0.9712,0.9712,0.9712,0.9663,0.971,0.971,0.965,0.963,0.963,0.969,Africa,MA
MDA,Moldova,27959,Overall Global Gender Gap Index,Index,0.7128,0.7172,0.7244,0.7104,0.716,0.7083,0.7101,0.7037,0.7405,0.742,0.741,0.74,0.733,0.757,0.768,Europe,MD
MDA,Moldova,27961,Global Gender Gap Political Empowerment subindex,Index,0.1172,0.1172,0.1184,0.1372,0.124,0.0988,0.1043,0.1043,0.1802,0.195,0.196,0.17600000000000002,0.17600000000000002,0.264,0.28600000000000003,Europe,MD
MDA,Moldova,28159,Global Gender Gap Economic Participation and Opportunity Subindex,Index,0.7604,0.7785,0.8017,0.7323,0.7707,0.7641,0.7608,0.7407,0.8077,0.797,0.795,0.8109999999999999,0.785,0.7879999999999999,0.8109999999999999,Europe,MD
MDA,Moldova,28161,Global Gender Gap Educational Attainment Subindex,Index,0.9942,0.9941,0.9982,0.9929,0.9898,0.9909,0.9962,0.9907,0.9949,0.996,0.996,0.992,0.993,0.996,0.996,Europe,MD
MDA,Moldova,28163,Global Gender Gap Health and Survival Subindex,Index,0.9796,0.9791,0.9791,0.9791,0.9796,0.9796,0.9791,0.9791,0.9791,0.979,0.979,0.98,0.98,0.98,0.98,Europe,MD
MDG,Madagascar,27959,Overall Global Gender Gap Index,Index,0.6385,0.6461,0.6736,0.6732,0.6713,0.6797,0.6982,0.7016,0.7214,0.698,0.7040000000000001,0.6920000000000001,0.691,0.7190000000000001,0.725,Africa,MG
MDG,Madagascar,27961,Global Gender Gap Political Empowerment subindex,Index,0.0385,0.0385,0.0619,0.0675,0.0821,0.0957,0.1547,0.1547,0.2056,0.142,0.142,0.127,0.127,0.151,0.2,Africa,MG
MDG,Madagascar,28159,Global Gender Gap Economic Participation and Opportunity Subindex,Index,0.5776,0.6086,0.6962,0.6876,0.6708,0.6781,0.6920000000000001,0.7033,0.7335,0.696,0.7390000000000001,0.716,0.7140000000000001,0.769,0.754,Africa,MG
MDG,Madagascar,28161,Global Gender Gap Educational Attainment Subindex,Index,0.9596,0.9579,0.9566,0.9584,0.9591,0.972,0.9731,0.975,0.9738,0.981,0.964,0.95,0.95,0.98,0.982,Africa,MG
MDG,Madagascar,28163,Global Gender Gap Health and Survival Subindex,Index,0.9785,0.9796,0.9796,0.9796,0.9732,0.9732,0.9732,0.9732,0.9725,0.973,0.973,0.974,0.974,0.974,0.962,Africa,MG
MEX,Mexico,27959,Overall Global Gender Gap Index,Index,0.6462,0.6441,0.6441,0.6503,0.6577,0.6604,0.6712,0.6917,0.69,0.6990000000000001,0.7,0.6920000000000001,0.721,0.754,0.757,North America,MX
MEX,Mexico,27961,Global Gender Gap Political Empowerment subindex,Index,0.1333,0.1161,0.1399,0.1348,0.139,0.139,0.1759,0.2463,0.238,0.281,0.281,0.276,0.335,0.468,0.468,North America,MX
MEX,Mexico,28159,Global Gender Gap Economic Participation and Opportunity Subindex,Index,0.4801,0.4891,0.4789,0.5089,0.5212,0.5318,0.5382,0.5499,0.5519,0.545,0.544,0.518,0.574,0.574,0.59,North America,MX
MEX,Mexico,28161,Global Gender Gap Educational Attainment Subindex,Index,0.9918,0.9918,0.978,0.9781,0.991,0.9913,0.9914,0.9911,0.9906,0.991,0.996,0.996,0.996,0.997,0.997,North America,MX
MEX,Mexico,28163,Global Gender Gap Health and Survival Subindex,Index,0.9796,0.9796,0.9796,0.9796,0.9796,0.9796,0.9796,0.9796,0.9796,0.98,0.98,0.977,0.979,0.979,0.98,North America,MX
MLI,Mali,27959,Overall Global Gender Gap Index,Index,0.5994,0.6019,0.6117,0.586,0.568,0.5752,0.5842,0.5872,0.5779,0.599,0.591,0.583,0.5820000000000001,0.621,0.591,Africa,ML
MLI,Mali,27961,Global Gender Gap Political Empowerment subindex,Index,0.0913,0.0913,0.1093,0.1093,0.1026,0.1048,0.0835,0.0769,0.0755,0.086,0.086,0.118,0.118,0.171,0.172,Africa,ML
MLI,Mali,28159,Global Gender Gap Economic Participation and Opportunity Subindex,Index,0.6655,0.6946,0.7112,0.5969,0.5137,0.5274,0.5677,0.5668,0.5547,0.605,0.594,0.518,0.507,0.591,0.475,Africa,ML
MLI,Mali,28161,Global Gender Gap Educational Attainment Subindex,Index,0.6737,0.6521,0.6567,0.6684,0.6794,0.6927,0.7094,0.7291,0.7264,0.755,0.733,0.741,0.7390000000000001,0.757,0.757,Africa,ML
MLI,Mali,28163,Global Gender Gap Health and Survival Subindex,Index,0.9679,0.9695,0.9695,0.9695,0.9761,0.9761,0.9761,0.9761,0.9549,0.949,0.949,0.956,0.965,0.965,0.964,Africa,ML
MLT,Malta,27959,Overall Global Gender Gap Index,Index,0.6518,0.6615,0.6634,0.6635,0.6695,0.6658,0.6666,0.6761,0.6707,0.6679999999999999,0.664,0.682,0.6859999999999999,0.693,0.703,Europe,MT
MLT,Malta,27961,Global Gender Gap Political Empowerment subindex,Index,0.1256,0.1256,0.1237,0.1237,0.1611,0.1611,0.1494,0.1716,0.1447,0.128,0.14,0.146,0.159,0.184,0.192,Europe,MT
MLT,Malta,28159,Global Gender Gap Economic Participation and Opportunity Subindex,Index,0.5099,0.5488,0.5605,0.5611,0.5428,0.5281,0.5498,0.5655,0.5686,0.573,0.595,0.61,0.614,0.621,0.6559999999999999,Europe,MT
MLT,Malta,28161,Global Gender Gap Educational Attainment Subindex,Index,0.9977,0.9977,0.9955,0.9955,1.0,1.0,0.9936,0.9935,1.0,1.0,0.953,1.0,1.0,1.0,1.0,Europe,MT
MLT,Malta,28163,Global Gender Gap Health and Survival Subindex,Index,0.974,0.9739,0.9739,0.9739,0.9741,0.9741,0.9737,0.9737,0.9695,0.97,0.97,0.971,0.969,0.969,0.975,Europe,MT
MNG,Mongolia,27959,Overall Global Gender Gap Index,Index,0.6821,0.6731,0.7049,0.7221,0.7194,0.7140000000000001,0.7111,0.7204,0.7212,0.7090000000000001,0.705,0.713,0.7140000000000001,0.706,0.716,Asia,MN
MNG,Mongolia,27961,Global Gender Gap Political Empowerment subindex,Index,0.0456,0.0456,0.0839,0.0752,0.0317,0.0318,0.0318,0.0734,0.1037,0.084,0.084,0.102,0.102,0.102,0.122,Asia,MN
MNG,Mongolia,28159,Global Gender Gap Economic Participation and Opportunity Subindex,Index,0.7043,0.6682,0.7563,0.8334,0.8746,0.85,0.8387,0.8338,0.8082,0.7829999999999999,0.7659999999999999,0.7759999999999999,0.78,0.7509999999999999,0.769,Asia,MN
MNG,Mongolia,28161,Global Gender Gap Educational Attainment Subindex,Index,0.9991,0.9991,1.0,1.0,0.9919,0.9946,0.9945,0.9946,0.9932,0.992,0.993,0.993,0.993,0.993,0.993,Asia,MN
MNG,Mongolia,28163,Global Gender Gap Health and Survival Subindex,Index,0.9796,0.9796,0.9796,0.9796,0.9796,0.9796,0.9796,0.9796,0.9796,0.98,0.98,0.98,0.98,0.98,0.935,Asia,MN
MRT,Mauritania,27959,Overall Global Gender Gap Index,Index,0.5833,0.6022,0.6117,0.6103,0.6152,0.6164,0.6129,0.581,0.6029,0.613,0.624,0.614,0.607,0.614,0.606,Africa,MR
MRT,Mauritania,27961,Global Gender Gap Political Empowerment subindex,Index,0.0366,0.0923,0.1216,0.1216,0.1621,0.162,0.1201,0.1201,0.1413,0.195,0.195,0.214,0.189,0.194,0.147,Africa,MR
MRT,Mauritania,28159,Global Gender Gap Economic Participation and Opportunity Subindex,Index,0.4992,0.5046,0.4894,0.4908,0.4668,0.4639,0.4955,0.3651,0.4661,0.447,0.469,0.417,0.408,0.411,0.44,Africa,MR
MRT,Mauritania,28161,Global Gender Gap Educational Attainment Subindex,Index,0.8185,0.8322,0.8561,0.8491,0.8526,0.8601,0.8565,0.8591,0.8313,0.8390000000000001,0.858,0.853,0.862,0.879,0.879,Africa,MR
MRT,Mauritania,28163,Global Gender Gap Health and Survival Subindex,Index,0.9796,0.9796,0.9796,0.9796,0.9796,0.9796,0.9796,0.9796,0.973,0.973,0.973,0.97,0.97,0.97,0.968,Africa,MR
MUS,Mauritius,27959,Overall Global Gender Gap Index,Index,0.6327,0.6487,0.6466,0.6513,0.652,0.6529,0.6547,0.6599,0.6541,0.6459999999999999,0.652,0.664,0.6629999999999999,0.665,0.679,Africa,MU
MUS,Mauritius,27961,Global Gender Gap Political Empowerment subindex,Index,0.0854,0.0854,0.0914,0.0914,0.0909,0.0992,0.0954,0.0959,0.0971,0.078,0.087,0.09,0.097,0.094,0.14400000000000002,Africa,MU
MUS,Mauritius,28159,Global Gender Gap Economic Participation and Opportunity Subindex,Index,0.483,0.5469,0.5269,0.5465,0.5491,0.5441,0.5536,0.5735,0.5507,0.534,0.55,0.595,0.585,0.596,0.6,Africa,MU
MUS,Mauritius,28161,Global Gender Gap Educational Attainment Subindex,Index,0.9831,0.9831,0.9884,0.9878,0.9882,0.9888,0.9902,0.9907,0.9888,0.991,0.991,0.992,0.991,0.992,0.992,Africa,MU
MUS,Mauritius,28163,Global Gender Gap Health and Survival Subindex,Index,0.9796,0.9796,0.9796,0.9796,0.9796,0.9796,0.9796,0.9796,0.9796,0.98,0.98,0.98,0.98,0.98,0.973,Africa,MU
MWI,Malawi,27959,Overall Global Gender Gap Index,Index,0.6435,0.648,0.6664,0.6738,0.6824,0.685,0.7166,0.7139,0.7281,0.701,0.7,0.672,0.662,0.664,0.6709999999999999,Africa,MW
MWI,Malawi,27961,Global Gender Gap Political Empowerment subindex,Index,0.09,0.09,0.1235,0.1586,0.1742,0.174,0.1569,0.166,0.225,0.113,0.113,0.152,0.152,0.162,0.16399999999999998,Africa,MW
MWI,Malawi,28159,Global Gender Gap Economic Participation and Opportunity Subindex,Index,0.6647,0.6755,0.6872,0.6925,0.6979,0.7003,0.8224,0.8253,0.8298,0.809,0.799,0.654,0.609,0.6,0.624,Africa,MW
MWI,Malawi,28161,Global Gender Gap Educational Attainment Subindex,Index,0.86,0.8655,0.8936,0.8828,0.8894,0.8972,0.919,0.8961,0.8903,0.91,0.915,0.908,0.908,0.915,0.915,Africa,MW
MWI,Malawi,28163,Global Gender Gap Health and Survival Subindex,Index,0.96,0.9612,0.9612,0.9612,0.9683,0.9683,0.9683,0.9683,0.9673,0.973,0.973,0.974,0.98,0.98,0.974,Africa,MW
MYS,Malaysia,27959,Overall Global Gender Gap Index,Index,0.6509,0.6444,0.6442,0.6467,0.6479,0.6525,0.6539,0.6518,0.652,0.655,0.6659999999999999,0.67,0.6759999999999999,0.677,0.6759999999999999,Asia,MY
MYS,Malaysia,27961,Global Gender Gap Political Empowerment subindex,Index,0.0558,0.0558,0.0631,0.0631,0.0517,0.0517,0.053,0.053,0.0523,0.051,0.051,0.058,0.07200000000000001,0.108,0.102,Asia,MY
MYS,Malaysia,28159,Global Gender Gap Economic Participation and Opportunity Subindex,Index,0.5924,0.5671,0.5548,0.5653,0.5765,0.5941,0.5988,0.5904,0.6174,0.634,0.6579999999999999,0.654,0.6559999999999999,0.639,0.638,Asia,MY
MYS,Malaysia,28161,Global Gender Gap Educational Attainment Subindex,Index,0.9853,0.9853,0.9895,0.9891,0.9899,0.9906,0.9907,0.9907,0.9693,0.967,0.985,0.991,1.0,0.989,0.994,Asia,MY
MYS,Malaysia,28163,Global Gender Gap Health and Survival Subindex,Index,0.9703,0.9695,0.9695,0.9695,0.9736,0.9736,0.973,0.973,0.9692,0.969,0.969,0.977,0.974,0.974,0.98,Asia,MY
NAM,Namibia,27959,Overall Global Gender Gap Index,Index,0.6864,0.7012,0.7141,0.7167,0.7238,0.7177,0.7121,0.7094,0.7219,0.76,0.765,0.777,0.789,0.784,0.809,Africa,NA
NAM,Namibia,27961,Global Gender Gap Political Empowerment subindex,Index,0.172,0.172,0.1964,0.1964,0.1918,0.17800000000000002,0.1727,0.1727,0.1755,0.287,0.299,0.318,0.375,0.369,0.463,Africa,NA
NAM,Namibia,28159,Global Gender Gap Economic Participation and Opportunity Subindex,Index,0.6135,0.6717,0.7091,0.7201,0.7386,0.7273,0.71,0.698,0.7326,0.775,0.7809999999999999,0.813,0.804,0.789,0.794,Africa,NA
NAM,Namibia,28161,Global Gender Gap Educational Attainment Subindex,Index,0.9928,0.9928,0.9826,0.982,0.9979,0.9983,0.9988,1.0,1.0,1.0,0.999,0.999,0.999,1.0,1.0,Africa,NA
NAM,Namibia,28163,Global Gender Gap Health and Survival Subindex,Index,0.9675,0.9683,0.9683,0.9683,0.9671,0.9671,0.9671,0.9671,0.9796,0.98,0.98,0.98,0.98,0.98,0.966,Africa,NA
NGA,Nigeria,27959,Overall Global Gender Gap Index,Index,0.6104,0.6122,0.6339,0.628,0.6055,0.6011,0.6315,0.6469,0.6391,0.638,0.643,0.6409999999999999,0.621,0.635,0.627,Africa,NG
NGA,Nigeria,27961,Global Gender Gap Political Empowerment subindex,Index,0.0486,0.0519,0.096,0.096,0.0497,0.0384,0.1193,0.119,0.1045,0.097,0.097,0.052000000000000005,0.052000000000000005,0.032,0.047,Africa,NG
NGA,Nigeria,28159,Global Gender Gap Economic Participation and Opportunity Subindex,Index,0.6116,0.6209,0.6459,0.6163,0.6044,0.5964,0.6299,0.6965,0.7064,0.691,0.7,0.728,0.6609999999999999,0.738,0.687,Africa,NG
NGA,Nigeria,28161,Global Gender Gap Educational Attainment Subindex,Index,0.8159,0.8076,0.8252,0.8315,0.8072,0.809,0.8159,0.8115,0.7779,0.802,0.8140000000000001,0.813,0.8059999999999999,0.8059999999999999,0.8059999999999999,Africa,NG
NGA,Nigeria,28163,Global Gender Gap Health and Survival Subindex,Index,0.9656,0.9686,0.9686,0.9682,0.9607,0.9607,0.9607,0.9607,0.9674,0.961,0.961,0.972,0.964,0.964,0.97,Africa,NG
NIC,Nicaragua,27959,Overall Global Gender Gap Index,Index,0.6566,0.6458,0.6747,0.7002,0.7176,0.7245,0.7697,0.7715,0.7894,0.7759999999999999,0.78,0.8140000000000001,0.809,0.804,0.7959999999999999,North America,NI
NIC,Nicaragua,27961,Global Gender Gap Political Empowerment subindex,Index,0.1918,0.1813,0.2616,0.2616,0.3037,0.304,0.4889,0.4889,0.5439,0.506,0.506,0.5760000000000001,0.5760000000000001,0.565,0.606,North America,NI
NIC,Nicaragua,28159,Global Gender Gap Economic Participation and Opportunity Subindex,Index,0.4626,0.4344,0.4608,0.5626,0.5915,0.6187,0.6148,0.6218,0.6347,0.619,0.632,0.7020000000000001,0.679,0.6709999999999999,0.598,North America,NI
NIC,Nicaragua,28161,Global Gender Gap Educational Attainment Subindex,Index,0.9935,0.9912,1.0,1.0,0.9996,0.9996,0.9996,0.9996,0.9996,1.0,1.0,1.0,1.0,1.0,1.0,North America,NI
NIC,Nicaragua,28163,Global Gender Gap Health and Survival Subindex,Index,0.9785,0.9765,0.9765,0.9765,0.9758,0.9758,0.9758,0.9758,0.9796,0.98,0.98,0.98,0.98,0.98,0.98,North America,NI
NLD,Netherlands,27959,Overall Global Gender Gap Index,Index,0.725,0.7383,0.7399,0.7490000000000001,0.7444,0.747,0.7659,0.7608,0.773,0.7759999999999999,0.7559999999999999,0.737,0.747,0.736,0.762,Europe,NL
NLD,Netherlands,27961,Global Gender Gap Political Empowerment subindex,Index,0.3186,0.3186,0.3241,0.3415,0.2883,0.2766,0.3362,0.3191,0.4116,0.401,0.401,0.32299999999999995,0.32299999999999995,0.276,0.375,Europe,NL
NLD,Netherlands,28159,Global Gender Gap Economic Participation and Opportunity Subindex,Index,0.6351,0.6667,0.6674,0.6851,0.723,0.7432,0.7578,0.7592,0.7106,0.732,0.659,0.657,0.698,0.7020000000000001,0.713,Europe,NL
NLD,Netherlands,28161,Global Gender Gap Educational Attainment Subindex,Index,0.9724,0.9934,0.9937,0.995,0.9966,0.9985,1.0,0.9954,1.0,1.0,0.994,1.0,1.0,1.0,1.0,Europe,NL
NLD,Netherlands,28163,Global Gender Gap Health and Survival Subindex,Index,0.9737,0.9743,0.9743,0.9743,0.9697,0.9697,0.9697,0.9697,0.9699,0.97,0.97,0.97,0.968,0.968,0.975,Europe,NL
NOR,Norway,27959,Overall Global Gender Gap Index,Index,0.7994,0.8059,0.8239,0.8227,0.8404,0.8404,0.8403,0.8417,0.8374,0.85,0.8420000000000001,0.83,0.835,0.8420000000000001,0.8490000000000001,Europe,NO
NOR,Norway,27961,Global Gender Gap Political Empowerment subindex,Index,0.4945,0.4945,0.5329999999999999,0.5329999999999999,0.5614,0.5616,0.5616,0.5616,0.5444,0.5589999999999999,0.5760000000000001,0.53,0.563,0.598,0.64,Europe,NO
NOR,Norway,28159,Global Gender Gap Economic Participation and Opportunity Subindex,Index,0.7286,0.7509,0.7838,0.7793,0.8306,0.8302,0.83,0.8357,0.8357,0.868,0.818,0.816,0.8059999999999999,0.7979999999999999,0.792,Europe,NO
NOR,Norway,28161,Global Gender Gap Educational Attainment Subindex,Index,0.9996,0.9996,1.0,1.0,1.0,1.0,1.0,1.0,1.0,1.0,1.0,0.999,0.999,1.0,1.0,Europe,NO
NOR,Norway,28163,Global Gender Gap Health and Survival Subindex,Index,0.9749,0.9787,0.9787,0.9787,0.9697,0.9697,0.9697,0.9697,0.9695,0.974,0.974,0.973,0.972,0.972,0.979,Europe,NO
NPL,Nepal,27959,Overall Global Gender Gap Index,Index,0.5477,0.5575,0.5942,0.6213,0.6084,0.5888,0.6026,0.6053,0.6458,0.6579999999999999,0.6609999999999999,0.664,0.6709999999999999,0.68,0.6829999999999999,Asia,NP
NPL,Nepal,27961,Global Gender Gap Political Empowerment subindex,Index,0.0392,0.0845,0.2144,0.2157,0.1743,0.1745,0.1989,0.1989,0.1756,0.16899999999999998,0.175,0.155,0.185,0.227,0.241,Asia,NP
NPL,Nepal,28159,Global Gender Gap Economic Participation and Opportunity Subindex,Index,0.4654,0.4568,0.4618,0.4978,0.5174,0.4606,0.4874,0.5151,0.547,0.575,0.578,0.599,0.608,0.632,0.63,Asia,NP
NPL,Nepal,28161,Global Gender Gap Educational Attainment Subindex,Index,0.7336,0.7336,0.7454,0.8164,0.7806,0.7589,0.7632,0.7462,0.8889,0.917,0.918,0.936,0.926,0.895,0.895,Asia,NP
NPL,Nepal,28163,Global Gender Gap Health and Survival Subindex,Index,0.9531,0.9553,0.9553,0.9553,0.9612,0.9612,0.9612,0.9612,0.9717,0.972,0.972,0.969,0.966,0.966,0.98,Asia,NP
NZL,New Zealand,27959,Overall Global Gender Gap Index,Index,0.7509,0.7649,0.7859,0.7879999999999999,0.7808,0.7809999999999999,0.7805,0.7799,0.7772,0.782,0.7809999999999999,0.7909999999999999,0.8009999999999999,0.799,0.84,Oceania,NZ
NZL,New Zealand,27961,Global Gender Gap Political Empowerment subindex,Index,0.3173,0.3307,0.3899,0.3934,0.3792,0.3797,0.3703,0.3703,0.3872,0.39,0.39,0.43,0.472,0.474,0.63,Oceania,NZ
NZL,New Zealand,28159,Global Gender Gap Economic Participation and Opportunity Subindex,Index,0.7139,0.7552,0.7792,0.7842,0.7743,0.7747,0.7822,0.7797,0.7517,0.768,0.765,0.768,0.7609999999999999,0.753,0.763,Oceania,NZ
NZL,New Zealand,28161,Global Gender Gap Educational Attainment Subindex,Index,0.9992,0.9992,1.0,1.0,1.0,1.0,1.0,1.0,1.0,1.0,0.999,0.998,1.0,1.0,1.0,Oceania,NZ
NZL,New Zealand,28163,Global Gender Gap Health and Survival Subindex,Index,0.9731,0.9745,0.9745,0.9745,0.9697,0.9697,0.9697,0.9697,0.9698,0.97,0.97,0.969,0.97,0.97,0.964,Oceania,NZ
PAK,Pakistan,27959,Overall Global Gender Gap Index,Index,0.5433,0.5509,0.5549,0.5458,0.5465,0.5583,0.5478,0.5459,0.5522,0.5589999999999999,0.556,0.546,0.55,0.564,0.556,Asia,PK
PAK,Pakistan,27961,Global Gender Gap Political Empowerment subindex,Index,0.1477,0.1477,0.1465,0.1465,0.1545,0.1547,0.1636,0.1487,0.1273,0.127,0.127,0.127,0.127,0.159,0.154,Asia,PK
PAK,Pakistan,28159,Global Gender Gap Economic Participation and Opportunity Subindex,Index,0.3687,0.3725,0.3724,0.3403,0.3059,0.3446,0.3103,0.3108,0.3094,0.33,0.32,0.309,0.318,0.327,0.316,Asia,PK
PAK,Pakistan,28161,Global Gender Gap Educational Attainment Subindex,Index,0.7064,0.7336,0.7509,0.7467,0.7698,0.7782,0.7616,0.7685,0.8054,0.813,0.8109999999999999,0.802,0.81,0.823,0.8109999999999999,Asia,PK
PAK,Pakistan,28163,Global Gender Gap Health and Survival Subindex,Index,0.9506,0.9498,0.9498,0.9498,0.9557,0.9557,0.9557,0.9557,0.9666,0.967,0.967,0.948,0.946,0.946,0.965,Asia,PK
PAN,Panama,27959,Overall Global Gender Gap Index,Index,0.6935,0.6954,0.7095,0.7024,0.7072,0.7042,0.7122,0.7164,0.7195,0.722,0.721,0.722,0.722,0.73,0.737,North America,PA
PAN,Panama,27961,Global Gender Gap Political Empowerment subindex,Index,0.1526,0.1526,0.1855,0.1522,0.1677,0.1679,0.1811,0.1811,0.192,0.214,0.214,0.222,0.222,0.222,0.252,North America,PA
PAN,Panama,28159,Global Gender Gap Economic Participation and Opportunity Subindex,Index,0.6472,0.6551,0.6781,0.6831,0.6925,0.6797,0.6998,0.7136,0.7123,0.698,0.696,0.691,0.693,0.725,0.731,North America,PA
PAN,Panama,28161,Global Gender Gap Educational Attainment Subindex,Index,0.9951,0.9942,0.9948,0.9949,0.9934,0.9937,0.9927,0.9958,0.9942,0.994,0.993,0.995,0.995,0.994,0.994,North America,PA
PAN,Panama,28163,Global Gender Gap Health and Survival Subindex,Index,0.9791,0.9796,0.9796,0.9796,0.9753,0.9753,0.9753,0.9753,0.9796,0.98,0.98,0.98,0.98,0.98,0.978,North America,PA
PER,Peru,27959,Overall Global Gender Gap Index,Index,0.6619,0.6624,0.6959,0.7024,0.6895,0.6796,0.6742,0.6787,0.7198,0.6829999999999999,0.687,0.7190000000000001,0.72,0.7140000000000001,0.721,South America,PE
PER,Peru,27961,Global Gender Gap Political Empowerment subindex,Index,0.1653,0.1653,0.2348,0.2246,0.1926,0.1622,0.1417,0.1417,0.2941,0.173,0.194,0.277,0.282,0.247,0.31,South America,PE
PER,Peru,28159,Global Gender Gap Economic Participation and Opportunity Subindex,Index,0.5305,0.5371,0.5961,0.635,0.6201,0.6109,0.6098,0.6278,0.6271,0.603,0.594,0.632,0.634,0.652,0.629,South America,PE
PER,Peru,28161,Global Gender Gap Educational Attainment Subindex,Index,0.9757,0.9757,0.9814,0.9785,0.9796,0.9796,0.9796,0.9796,0.9875,0.987,0.989,0.988,0.988,0.981,0.981,South America,PE
PER,Peru,28163,Global Gender Gap Health and Survival Subindex,Index,0.9761,0.9714,0.9714,0.9714,0.9658,0.9658,0.9658,0.9658,0.9705,0.97,0.97,0.978,0.977,0.977,0.972,South America,PE
PHL,Philippines,27959,Overall Global Gender Gap Index,Index,0.7516,0.7629,0.7568,0.7579,0.7654,0.7685,0.7757,0.7832,0.7814,0.79,0.7859999999999999,0.79,0.799,0.7809999999999999,0.784,Asia,PH
PHL,Philippines,27961,Global Gender Gap Political Empowerment subindex,Index,0.2695,0.2829,0.2741,0.2915,0.3212,0.3314,0.3515,0.376,0.3682,0.382,0.386,0.416,0.416,0.353,0.362,Asia,PH
PHL,Philippines,28159,Global Gender Gap Economic Participation and Opportunity Subindex,Index,0.7573,0.7891,0.7734,0.7604,0.7611,0.7632,0.7719,0.7773,0.778,0.799,0.78,0.764,0.8009999999999999,0.792,0.795,Asia,PH
PHL,Philippines,28161,Global Gender Gap Educational Attainment Subindex,Index,1.0,1.0,1.0,1.0,1.0,1.0,1.0,1.0,1.0,1.0,1.0,1.0,1.0,0.999,0.999,Asia,PH
PHL,Philippines,28163,Global Gender Gap Health and Survival Subindex,Index,0.9796,0.9796,0.9796,0.9796,0.9796,0.9796,0.9796,0.9796,0.9796,0.98,0.98,0.979,0.979,0.979,0.98,Asia,PH
POL,Poland,27959,Overall Global Gender Gap Index,Index,0.6802,0.6756,0.6951,0.6998,0.7037,0.7038,0.7015,0.7031,0.7051,0.715,0.727,0.728,0.728,0.736,0.713,Europe,PL
POL,Poland,27961,Global Gender Gap Political Empowerment subindex,Index,0.1067,0.1067,0.1784,0.1784,0.1843,0.1843,0.1786,0.1786,0.1609,0.213,0.238,0.23,0.23,0.256,0.171,Europe,PL
POL,Poland,28159,Global Gender Gap Economic Participation and Opportunity Subindex,Index,0.6352,0.6167,0.6238,0.6426,0.6526,0.653,0.6503,0.6563,0.6808,0.667,0.69,0.7020000000000001,0.706,0.711,0.705,Europe,PL
POL,Poland,28161,Global Gender Gap Educational Attainment Subindex,Index,0.9998,1.0,0.9989,0.9989,0.9992,0.9994,0.9981,0.9983,0.9995,1.0,1.0,1.0,0.998,0.996,0.996,Europe,PL
POL,Poland,28163,Global Gender Gap Health and Survival Subindex,Index,0.9791,0.9791,0.9791,0.9791,0.9785,0.9785,0.9791,0.9791,0.9791,0.979,0.979,0.98,0.98,0.98,0.965,Europe,PL
PRT,Portugal,27959,Overall Global Gender Gap Index,Index,0.6922,0.6959,0.7051,0.7013,0.7171,0.7144,0.7071,0.7056,0.7243,0.731,0.737,0.7340000000000001,0.732,0.7440000000000001,0.775,Europe,PT
PRT,Portugal,27961,Global Gender Gap Political Empowerment subindex,Index,0.1379,0.1379,0.1613,0.1613,0.2328,0.2278,0.1834,0.1834,0.2124,0.244,0.268,0.24,0.24,0.278,0.39,Europe,PT
PRT,Portugal,28159,Global Gender Gap Economic Participation and Opportunity Subindex,Index,0.6691,0.6835,0.6958,0.6814,0.6723,0.6626,0.6788,0.6726,0.7192,0.7120000000000001,0.713,0.73,0.721,0.726,0.746,Europe,PT
PRT,Portugal,28161,Global Gender Gap Educational Attainment Subindex,Index,0.9888,0.9893,0.9902,0.9895,0.989,0.9932,0.9936,0.994,0.9933,0.995,0.993,0.992,0.991,0.992,0.992,Europe,PT
PRT,Portugal,28163,Global Gender Gap Health and Survival Subindex,Index,0.973,0.973,0.973,0.973,0.9742,0.9742,0.9724,0.9724,0.9724,0.973,0.973,0.977,0.978,0.978,0.978,Europe,PT
PRY,Paraguay,27959,Overall Global Gender Gap Index,Index,0.6556,0.6659,0.6379,0.6868,0.6804,0.6818,0.6714,0.6724,0.6890000000000001,0.6659999999999999,0.6759999999999999,0.6779999999999999,0.672,0.6829999999999999,0.7020000000000001,South America,PY
PRY,Paraguay,27961,Global Gender Gap Political Empowerment subindex,Index,0.1444,0.1444,0.0921,0.1019,0.1129,0.1129,0.0633,0.0847,0.1371,0.075,0.075,0.094,0.1,0.122,0.16399999999999998,South America,PY
PRY,Paraguay,28159,Global Gender Gap Economic Participation and Opportunity Subindex,Index,0.5542,0.594,0.4827,0.6688,0.6373,0.6436,0.6509999999999999,0.6363,0.6461,0.616,0.6559999999999999,0.652,0.623,0.6409999999999999,0.672,South America,PY
PRY,Paraguay,28161,Global Gender Gap Educational Attainment Subindex,Index,0.9441,0.9454,0.9974,0.997,0.9955,0.9948,0.9954,0.9928,0.9933,0.994,0.995,0.994,0.994,0.998,0.998,South America,PY
PRY,Paraguay,28163,Global Gender Gap Health and Survival Subindex,Index,0.9796,0.9796,0.9796,0.9796,0.9758,0.9758,0.9758,0.9758,0.9796,0.98,0.98,0.971,0.972,0.972,0.98,South America,PY
ROU,Romania,27959,Overall Global Gender Gap Index,Index,0.6797,0.6859,0.6763,0.6805,0.6826,0.6812,0.6859,0.6908,0.6936,0.693,0.69,0.708,0.711,0.7240000000000001,0.7,Europe,RO
ROU,Romania,27961,Global Gender Gap Political Empowerment subindex,Index,0.0744,0.0744,0.0321,0.0399,0.0562,0.0563,0.0885,0.097,0.119,0.09,0.09,0.159,0.162,0.19,0.1,Europe,RO
ROU,Romania,28159,Global Gender Gap Economic Participation and Opportunity Subindex,Index,0.6725,0.6974,0.7001,0.7121,0.7081,0.6943,0.6815,0.6928,0.6825,0.708,0.6990000000000001,0.698,0.705,0.728,0.723,Europe,RO
ROU,Romania,28161,Global Gender Gap Educational Attainment Subindex,Index,0.9928,0.9928,0.9936,0.9911,0.9887,0.995,0.9943,0.9945,0.9939,0.994,0.992,0.995,0.996,0.997,0.997,Europe,RO
ROU,Romania,28163,Global Gender Gap Health and Survival Subindex,Index,0.9791,0.9791,0.9791,0.9791,0.9773,0.9791,0.9791,0.9791,0.9791,0.979,0.979,0.98,0.98,0.98,0.97,Europe,RO
RUS,Russian Federation,27959,Overall Global Gender Gap Index,Index,0.677,0.6866,0.6994,0.6987,0.7036,0.7037,0.698,0.6983,0.6927,0.6940000000000001,0.691,0.696,0.701,0.706,0.708,Europe,RU
RUS,Russian Federation,27961,Global Gender Gap Political Empowerment subindex,Index,0.0337,0.0337,0.0764,0.0764,0.0999,0.0999,0.0951,0.0951,0.0662,0.066,0.066,0.085,0.085,0.095,0.085,Europe,RU
RUS,Russian Federation,28159,Global Gender Gap Economic Participation and Opportunity Subindex,Index,0.6963,0.7346,0.7426,0.74,0.736,0.7373,0.7197,0.7204,0.7257,0.731,0.722,0.7240000000000001,0.741,0.7490000000000001,0.767,Europe,RU
RUS,Russian Federation,28161,Global Gender Gap Educational Attainment Subindex,Index,0.9991,0.9991,0.9994,0.9992,0.9994,0.9985,0.998,0.9984,0.9998,1.0,0.997,0.997,1.0,1.0,1.0,Europe,RU
RUS,Russian Federation,28163,Global Gender Gap Health and Survival Subindex,Index,0.9791,0.9791,0.9791,0.9791,0.9791,0.9791,0.9791,0.9791,0.9791,0.979,0.979,0.98,0.98,0.98,0.968,Europe,RU
SAU,Saudi Arabia,27959,Overall Global Gender Gap Index,Index,0.5241,0.5647,0.5537,0.5651,0.5713,0.5753,0.5731,0.5879,0.6059,0.605,0.583,0.584,0.59,0.599,0.603,Asia,SA
SAU,Saudi Arabia,27961,Global Gender Gap Political Empowerment subindex,Index,0.0,0.0,0.0,0.0,0.0,0.0,0.0,0.0769,0.0768,0.077,0.077,0.077,0.077,0.077,0.077,Asia,SA
SAU,Saudi Arabia,28159,Global Gender Gap Economic Participation and Opportunity Subindex,Index,0.2401,0.321,0.2589,0.3096,0.3351,0.3576,0.3404,0.3223,0.3893,0.387,0.328,0.32,0.337,0.375,0.39,Asia,SA
SAU,Saudi Arabia,28161,Global Gender Gap Educational Attainment Subindex,Index,0.8797,0.9613,0.9795,0.9745,0.9739,0.9674,0.9757,0.9761,0.9868,0.988,0.961,0.975,0.982,0.983,0.98,Asia,SA
SAU,Saudi Arabia,28163,Global Gender Gap Health and Survival Subindex,Index,0.9771,0.9765,0.9765,0.9765,0.9762,0.9762,0.9762,0.9762,0.9707,0.966,0.966,0.965,0.963,0.963,0.962,Asia,SA
SGP,Singapore,27959,Overall Global Gender Gap Index,Index,0.655,0.6609,0.6625,0.6664,0.6914,0.6914,0.6989,0.7,0.7046,0.711,0.7120000000000001,0.7020000000000001,0.7070000000000001,0.7240000000000001,0.727,Asia,SG
SGP,Singapore,27961,Global Gender Gap Political Empowerment subindex,Index,0.0833,0.1005,0.1005,0.1005,0.1076,0.1014,0.0951,0.0989,0.1201,0.119,0.111,0.11,0.113,0.159,0.208,Asia,SG
SGP,Singapore,28159,Global Gender Gap Economic Participation and Opportunity Subindex,Index,0.6459,0.6546,0.6544,0.6707,0.7527,0.7585,0.7876,0.7883,0.7899,0.8140000000000001,0.7929999999999999,0.752,0.7609999999999999,0.782,0.7490000000000001,Asia,SG
SGP,Singapore,28161,Global Gender Gap Educational Attainment Subindex,Index,0.9308,0.9308,0.9376,0.937,0.9375,0.9381,0.9409,0.9409,0.9413,0.945,0.975,0.977,0.988,0.99,0.99,Asia,SG
SGP,Singapore,28163,Global Gender Gap Health and Survival Subindex,Index,0.9598,0.9575,0.9575,0.9575,0.9677,0.9677,0.9719,0.9719,0.9671,0.967,0.967,0.971,0.965,0.965,0.969,Asia,SG
SLV,El Salvador,27959,Overall Global Gender Gap Index,Index,0.6836,0.6853,0.6875,0.6939,0.6596,0.6567,0.6629999999999999,0.6609,0.6863,0.706,0.7020000000000001,0.705,0.69,0.706,0.738,North America,SV
SLV,El Salvador,27961,Global Gender Gap Political Empowerment subindex,Index,0.197,0.197,0.2194,0.23,0.1178,0.1176,0.1409,0.1409,0.1358,0.214,0.214,0.214,0.206,0.262,0.34700000000000003,North America,SV
SLV,El Salvador,28159,Global Gender Gap Economic Participation and Opportunity Subindex,Index,0.5701,0.5762,0.5632,0.5787,0.5534,0.5405,0.5427,0.5345,0.6415,0.639,0.623,0.634,0.5820000000000001,0.59,0.634,North America,SV
SLV,El Salvador,28161,Global Gender Gap Educational Attainment Subindex,Index,0.988,0.9884,0.988,0.9875,0.9876,0.9891,0.9889,0.9886,0.9884,0.991,0.991,0.992,0.992,0.992,0.992,North America,SV
SLV,El Salvador,28163,Global Gender Gap Health and Survival Subindex,Index,0.9796,0.9796,0.9796,0.9796,0.9796,0.9796,0.9796,0.9796,0.9796,0.98,0.98,0.98,0.98,0.98,0.964,North America,SV
SVK,Slovak Republic,27959,Overall Global Gender Gap Index,Index,0.6757,0.6797,0.6824,0.6845,0.6778,0.6797,0.6824,0.6857,0.6806,0.675,0.679,0.6940000000000001,0.693,0.718,0.7120000000000001,Europe,SK
SVK,Slovak Republic,27961,Global Gender Gap Political Empowerment subindex,Index,0.0774,0.0774,0.1121,0.1121,0.0941,0.1059,0.122,0.1284,0.1061,0.087,0.093,0.135,0.135,0.231,0.184,Europe,SK
SVK,Slovak Republic,28159,Global Gender Gap Economic Participation and Opportunity Subindex,Index,0.6504,0.6666,0.638,0.6464,0.6375,0.6335,0.6282,0.635,0.6431,0.638,0.648,0.662,0.657,0.6629999999999999,0.682,Europe,SK
SVK,Slovak Republic,28161,Global Gender Gap Educational Attainment Subindex,Index,0.9952,0.9952,1.0,1.0,1.0,1.0,1.0,1.0,1.0,1.0,1.0,1.0,1.0,1.0,1.0,Europe,SK
SVK,Slovak Republic,28163,Global Gender Gap Health and Survival Subindex,Index,0.9796,0.9796,0.9796,0.9796,0.9796,0.9796,0.9796,0.9796,0.973,0.973,0.973,0.98,0.98,0.98,0.978,Europe,SK
SVN,Slovenia,27959,Overall Global Gender Gap Index,Index,0.6745,0.6842,0.6937,0.6982,0.7047,0.7041,0.7132,0.7155,0.7443,0.784,0.7859999999999999,0.805,0.784,0.743,0.741,Europe,SI
SVN,Slovenia,27961,Global Gender Gap Political Empowerment subindex,Index,0.0597,0.0597,0.096,0.1005,0.1229,0.1227,0.1677,0.1702,0.2214,0.385,0.385,0.44,0.361,0.196,0.184,Europe,SI
SVN,Slovenia,28159,Global Gender Gap Economic Participation and Opportunity Subindex,Index,0.6668,0.7049,0.7079,0.7211,0.7229,0.7205,0.7139,0.7189,0.7827,0.778,0.784,0.8009999999999999,0.795,0.797,0.8029999999999999,Europe,SI
SVN,Slovenia,28161,Global Gender Gap Educational Attainment Subindex,Index,0.9987,0.9994,0.9979,0.998,0.9977,0.9977,0.9981,0.9999,0.9999,1.0,1.0,1.0,1.0,1.0,1.0,Europe,SI
SVN,Slovenia,28163,Global Gender Gap Health and Survival Subindex,Index,0.973,0.973,0.973,0.973,0.9755,0.9755,0.973,0.973,0.973,0.973,0.973,0.98,0.98,0.98,0.979,Europe,SI
SWE,Sweden,27959,Overall Global Gender Gap Index,Index,0.8133,0.8146,0.8139,0.8139,0.8024,0.8044,0.8159,0.8129,0.8165,0.823,0.815,0.816,0.8220000000000001,0.82,0.823,Europe,SE
SWE,Sweden,27961,Global Gender Gap Political Empowerment subindex,Index,0.5501,0.5252,0.4994,0.4994,0.4706,0.4557,0.4976,0.4976,0.5005,0.486,0.486,0.486,0.512,0.525,0.522,Europe,SE
SWE,Sweden,28159,Global Gender Gap Economic Participation and Opportunity Subindex,Index,0.7313,0.7613,0.7842,0.7851,0.7695,0.7933,0.7957,0.7829,0.7989,0.836,0.802,0.809,0.8079999999999999,0.79,0.81,Europe,SE
SWE,Sweden,28161,Global Gender Gap Educational Attainment Subindex,Index,0.9986,0.9986,0.9987,0.9977,0.9964,0.9957,0.9969,0.9977,0.9974,0.996,0.999,0.999,0.998,0.996,0.996,Europe,SE
SWE,Sweden,28163,Global Gender Gap Health and Survival Subindex,Index,0.9731,0.9735,0.9735,0.9735,0.9729,0.9729,0.9735,0.9735,0.9694,0.974,0.974,0.969,0.969,0.969,0.977,Europe,SE
TCD,Chad,27959,Overall Global Gender Gap Index,Index,0.5246,0.5381,0.529,0.5417,0.5329999999999999,0.5334,0.5594,0.5588,0.5764,0.58,0.5870000000000001,0.575,0.58,0.596,0.593,Africa,TD
TCD,Chad,27961,Global Gender Gap Political Empowerment subindex,Index,0.0537,0.0537,0.0685,0.0685,0.0352,0.0638,0.0796,0.0883,0.0983,0.093,0.093,0.087,0.097,0.141,0.118,Africa,TD
TCD,Chad,28159,Global Gender Gap Economic Participation and Opportunity Subindex,Index,0.6011,0.6523,0.6028,0.6474,0.6265,0.593,0.6772,0.6547,0.6645,0.6659999999999999,0.667,0.667,0.677,0.682,0.693,Africa,TD
TCD,Chad,28161,Global Gender Gap Educational Attainment Subindex,Index,0.4678,0.4699,0.4683,0.4743,0.5091,0.5158,0.5197,0.5311,0.5743,0.591,0.618,0.5720000000000001,0.575,0.589,0.589,Africa,TD
TCD,Chad,28163,Global Gender Gap Health and Survival Subindex,Index,0.9764,0.9765,0.9765,0.9765,0.9612,0.9612,0.9612,0.9612,0.9683,0.968,0.968,0.974,0.971,0.971,0.961,Africa,TD
THA,Thailand,27959,Overall Global Gender Gap Index,Index,0.6832,0.6815,0.6917,0.6907,0.691,0.6892,0.6893,0.6928,0.7027,0.706,0.6990000000000001,0.6940000000000001,0.7020000000000001,0.708,0.71,Asia,TH
THA,Thailand,27961,Global Gender Gap Political Empowerment subindex,Index,0.0581,0.0501,0.0685,0.0685,0.0829,0.0828,0.0898,0.0992,0.07,0.057,0.057,0.07200000000000001,0.07400000000000001,0.086,0.084,Asia,TH
THA,Thailand,28159,Global Gender Gap Economic Participation and Opportunity Subindex,Index,0.7221,0.7236,0.7283,0.7216,0.716,0.7090000000000001,0.6990000000000001,0.7035,0.7677,0.794,0.77,0.767,0.763,0.7759999999999999,0.787,Asia,TH
THA,Thailand,28161,Global Gender Gap Educational Attainment Subindex,Index,0.9728,0.9728,0.9906,0.9933,0.9855,0.9855,0.9888,0.9888,0.9938,0.994,0.99,0.958,0.991,0.991,0.992,Asia,TH
THA,Thailand,28163,Global Gender Gap Health and Survival Subindex,Index,0.9796,0.9796,0.9796,0.9796,0.9796,0.9796,0.9796,0.9796,0.9796,0.98,0.98,0.978,0.978,0.978,0.959,Asia,TH
TUR,Turkey,27959,Overall Global Gender Gap Index,Index,0.585,0.5768,0.5853,0.5828,0.5876,0.5954,0.6015,0.6081,0.6183,0.624,0.623,0.625,0.628,0.635,0.638,Asia,TR
TUR,Turkey,27961,Global Gender Gap Political Empowerment subindex,Index,0.0516,0.0516,0.0675,0.0675,0.0769,0.0972,0.0868,0.0868,0.0877,0.103,0.09,0.08800000000000001,0.101,0.124,0.123,Asia,TR
TUR,Turkey,28159,Global Gender Gap Economic Participation and Opportunity Subindex,Index,0.4344,0.4307,0.4123,0.4002,0.3856,0.3888,0.4139,0.4269,0.4532,0.459,0.464,0.471,0.466,0.478,0.486,Asia,TR
TUR,Turkey,28161,Global Gender Gap Educational Attainment Subindex,Index,0.8849,0.8536,0.8901,0.8923,0.9123,0.92,0.9296,0.9431,0.9527,0.957,0.958,0.965,0.968,0.961,0.975,Asia,TR
TUR,Turkey,28163,Global Gender Gap Health and Survival Subindex,Index,0.9691,0.9712,0.9712,0.9712,0.9755,0.9755,0.9755,0.9755,0.9796,0.98,0.98,0.977,0.976,0.976,0.957,Asia,TR
TZA,Tanzania,27959,Overall Global Gender Gap Index,Index,0.7038,0.6969,0.7068,0.6797,0.6829,0.6904,0.7091,0.6928,0.7182,0.718,0.716,0.7,0.7040000000000001,0.713,0.7070000000000001,Africa,TZ
TZA,Tanzania,27961,Global Gender Gap Political Empowerment subindex,Index,0.1803,0.1803,0.1998,0.1998,0.228,0.2653,0.2684,0.2684,0.3173,0.292,0.29600000000000004,0.239,0.245,0.254,0.235,Africa,TZ
TZA,Tanzania,28159,Global Gender Gap Economic Participation and Opportunity Subindex,Index,0.8087,0.7796,0.7889,0.6824,0.6709999999999999,0.6571,0.6695,0.6635,0.7077,0.7090000000000001,0.674,0.674,0.6759999999999999,0.698,0.703,Africa,TZ
TZA,Tanzania,28161,Global Gender Gap Educational Attainment Subindex,Index,0.8594,0.8588,0.8698,0.8679,0.8716,0.8779,0.9373,0.8779,0.8746,0.894,0.914,0.91,0.918,0.921,0.921,Africa,TZ
TZA,Tanzania,28163,Global Gender Gap Health and Survival Subindex,Index,0.9668,0.9688,0.9688,0.9688,0.9612,0.9612,0.9612,0.9612,0.9732,0.979,0.979,0.976,0.978,0.978,0.967,Africa,TZ
UGA,Uganda,27959,Overall Global Gender Gap Index,Index,0.6797,0.6833,0.6981,0.7067,0.7169,0.722,0.7228,0.7086,0.6821,0.708,0.7040000000000001,0.721,0.7240000000000001,0.7170000000000001,0.7170000000000001,Africa,UG
UGA,Uganda,27961,Global Gender Gap Political Empowerment subindex,Index,0.207,0.207,0.2333,0.2333,0.2586,0.2824,0.2839,0.2839,0.2837,0.271,0.26,0.305,0.305,0.309,0.29600000000000004,Africa,UG
UGA,Uganda,28159,Global Gender Gap Economic Participation and Opportunity Subindex,Index,0.6773,0.6763,0.6943,0.7256,0.7075,0.7088,0.7221,0.7285,0.6311,0.653,0.647,0.693,0.7,0.6629999999999999,0.6920000000000001,Africa,UG
UGA,Uganda,28161,Global Gender Gap Educational Attainment Subindex,Index,0.8589,0.8742,0.889,0.892,0.9218,0.9173,0.9056,0.8425,0.8463,0.93,0.928,0.913,0.913,0.914,0.898,Africa,UG
UGA,Uganda,28163,Global Gender Gap Health and Survival Subindex,Index,0.9756,0.9758,0.9758,0.9758,0.9796,0.9796,0.9796,0.9796,0.9674,0.98,0.98,0.973,0.98,0.98,0.97,Africa,UG
UKR,Ukraine,27959,Overall Global Gender Gap Index,Index,0.6797,0.679,0.6856,0.6896,0.6869,0.6861,0.6894,0.6935,0.7056,0.7020000000000001,0.7,0.705,0.708,0.721,0.7140000000000001,Europe,UA
UKR,Ukraine,27961,Global Gender Gap Political Empowerment subindex,Index,0.0505,0.0505,0.0507,0.0602,0.0645,0.0648,0.0535,0.0587,0.1012,0.098,0.098,0.107,0.107,0.171,0.147,Europe,UA
UKR,Ukraine,28159,Global Gender Gap Economic Participation and Opportunity Subindex,Index,0.6909,0.7082,0.7139,0.72,0.7074,0.7037,0.7251,0.7426,0.7483,0.731,0.722,0.736,0.747,0.737,0.732,Europe,UA
UKR,Ukraine,28161,Global Gender Gap Educational Attainment Subindex,Index,0.9978,0.9844,0.9985,0.9991,0.9996,0.9997,0.9997,0.9998,0.9998,1.0,1.0,1.0,1.0,1.0,1.0,Europe,UA
UKR,Ukraine,28163,Global Gender Gap Health and Survival Subindex,Index,0.9796,0.973,0.9791,0.9791,0.9761,0.9761,0.9791,0.973,0.973,0.979,0.979,0.978,0.978,0.978,0.98,Europe,UA
URY,Uruguay,27959,Overall Global Gender Gap Index,Index,0.655,0.6608,0.6907,0.6936,0.6897,0.6907,0.6745,0.6803,0.6871,0.679,0.6809999999999999,0.71,0.715,0.737,0.7020000000000001,South America,UY
URY,Uruguay,27961,Global Gender Gap Political Empowerment subindex,Index,0.0387,0.0387,0.1415,0.1415,0.1227,0.1229,0.0617,0.0617,0.08800000000000001,0.101,0.101,0.21600000000000005,0.21600000000000005,0.274,0.14,South America,UY
URY,Uruguay,28159,Global Gender Gap Economic Participation and Opportunity Subindex,Index,0.6108,0.6341,0.6422,0.6535,0.6566,0.6621,0.6602,0.6833,0.6841,0.639,0.643,0.645,0.664,0.696,0.69,South America,UY
URY,Uruguay,28161,Global Gender Gap Educational Attainment Subindex,Index,0.9908,0.9908,0.9995,1.0,1.0,0.9982,0.9967,0.9967,0.9968,0.997,0.999,1.0,1.0,1.0,1.0,South America,UY
URY,Uruguay,28163,Global Gender Gap Health and Survival Subindex,Index,0.9796,0.9796,0.9796,0.9796,0.9796,0.9796,0.9796,0.9796,0.9796,0.98,0.98,0.98,0.98,0.98,0.974,South America,UY
USA,United States,27959,Overall Global Gender Gap Index,Index,0.7042,0.7002,0.7179,0.7173,0.7411,0.7412,0.7373,0.7392,0.7463,0.74,0.722,0.718,0.72,0.7240000000000001,0.763,North America,US
USA,United States,27961,Global Gender Gap Political Empowerment subindex,Index,0.0968,0.1016,0.1398,0.1398,0.1861,0.1857,0.1557,0.1593,0.1847,0.162,0.162,0.124,0.125,0.16399999999999998,0.329,North America,US
USA,United States,28159,Global Gender Gap Economic Participation and Opportunity Subindex,Index,0.7587,0.7383,0.7524,0.7501,0.7992,0.7999,0.8143,0.8185,0.8276,0.826,0.752,0.7759999999999999,0.782,0.7559999999999999,0.754,North America,US
USA,United States,28161,Global Gender Gap Educational Attainment Subindex,Index,0.9816,0.9816,1.0,1.0,1.0,1.0,1.0,1.0,0.998,0.999,1.0,1.0,0.998,1.0,1.0,North America,US
USA,United States,28163,Global Gender Gap Health and Survival Subindex,Index,0.9796,0.9795,0.9795,0.9795,0.9792,0.9792,0.9792,0.9792,0.9747,0.975,0.975,0.973,0.976,0.976,0.97,North America,US
VEN,"Venezuela, RB",27959,Overall Global Gender Gap Index,Index,0.6664,0.6797,0.6875,0.6839,0.6863,0.6861,0.706,0.706,0.6851,0.691,0.6940000000000001,0.706,0.7090000000000001,0.713,0.6990000000000001,South America,VE
VEN,"Venezuela, RB",27961,Global Gender Gap Political Empowerment subindex,Index,0.1069,0.1097,0.1382,0.1382,0.1521,0.15,0.2196,0.2196,0.1108,0.139,0.127,0.16699999999999998,0.16699999999999998,0.191,0.199,South America,VE
VEN,"Venezuela, RB",28159,Global Gender Gap Economic Participation and Opportunity Subindex,Index,0.5999,0.6306,0.6336,0.619,0.6145,0.6159,0.626,0.6256,0.6617,0.657,0.669,0.6779999999999999,0.691,0.6829999999999999,0.617,South America,VE
VEN,"Venezuela, RB",28161,Global Gender Gap Educational Attainment Subindex,Index,0.9859,0.9989,0.9988,0.9988,0.9991,0.999,0.9989,0.9993,0.9885,0.99,0.999,0.997,0.997,0.998,0.998,South America,VE
VEN,"Venezuela, RB",28163,Global Gender Gap Health and Survival Subindex,Index,0.973,0.9796,0.9796,0.9796,0.9796,0.9796,0.9796,0.9796,0.9796,0.98,0.98,0.98,0.98,0.98,0.978,South America,VE
YEM,"Yemen, Rep.",27959,Overall Global Gender Gap Index,Index,0.4594,0.451,0.4664,0.4609,0.4603,0.4873,0.5054,0.5128,0.5145,0.484,0.516,0.516,0.499,0.494,0.4920000000000001,Asia,YE
YEM,"Yemen, Rep.",27961,Global Gender Gap Political Empowerment subindex,Index,0.0083,0.0083,0.0159,0.0159,0.0165,0.0164,0.0227,0.0227,0.025,0.026,0.026,0.014,0.014,0.018000000000000002,0.001,Asia,YE
YEM,"Yemen, Rep.",28159,Global Gender Gap Economic Participation and Opportunity Subindex,Index,0.2528,0.2507,0.2523,0.2334,0.1951,0.318,0.3424,0.3577,0.3596,0.225,0.35200000000000004,0.345,0.299,0.273,0.282,Asia,YE
YEM,"Yemen, Rep.",28161,Global Gender Gap Educational Attainment Subindex,Index,0.5982,0.5654,0.6179,0.6147,0.6567,0.642,0.6838,0.698,0.7068,0.72,0.72,0.737,0.718,0.7170000000000001,0.7170000000000001,Asia,YE
YEM,"Yemen, Rep.",28163,Global Gender Gap Health and Survival Subindex,Index,0.9786,0.9796,0.9796,0.9796,0.9727,0.9727,0.9727,0.9727,0.9668,0.967,0.967,0.968,0.966,0.966,0.968,Asia,YE
ZAF,South Africa,27959,Overall Global Gender Gap Index,Index,0.7125,0.7194,0.7232,0.7709,0.7535,0.7478,0.7496,0.7509999999999999,0.7527,0.759,0.764,0.7559999999999999,0.755,0.78,0.7809999999999999,Africa,ZA
ZAF,South Africa,27961,Global Gender Gap Political Empowerment subindex,Index,0.3258,0.3258,0.3534,0.4492,0.3773,0.3773,0.3919,0.3919,0.3969,0.4,0.404,0.399,0.404,0.4970000000000001,0.493,Africa,ZA
ZAF,South Africa,28159,Global Gender Gap Economic Participation and Opportunity Subindex,Index,0.5557,0.5856,0.5685,0.6629999999999999,0.6727,0.6653,0.6588,0.6505,0.6473,0.67,0.677,0.652,0.645,0.649,0.6579999999999999,Africa,ZA
ZAF,South Africa,28161,Global Gender Gap Educational Attainment Subindex,Index,0.9929,0.9908,0.9956,0.9961,0.9962,0.981,0.98,0.9941,0.9869,0.987,0.995,0.993,0.992,0.994,0.994,Africa,ZA
ZAF,South Africa,28163,Global Gender Gap Health and Survival Subindex,Index,0.9756,0.9754,0.9754,0.9754,0.9677,0.9677,0.9677,0.9677,0.9796,0.98,0.98,0.98,0.98,0.98,0.979,Africa,ZA
