{"rank": [{"Albania": ["0.6607", "Europe"], "United Arab Emirates": ["0.5919", "Asia"], "Argentina": ["0.6829", "South America"], "Australia": ["0.7163", "Oceania"], "Austria": ["0.6986", "Europe"], "Belgium": ["0.7078", "Europe"], "Burkina Faso": ["0.5853", "Africa"], "Bangladesh": ["0.6269", "Asia"], "Bulgaria": ["0.687", "Europe"], "Bahrain": ["0.5894", "Asia"], "Bolivia": ["0.6335", "South America"], "Brazil": ["0.6543", "South America"], "Botswana": ["0.6897", "Africa"], "Canada": ["0.7165", "North America"], "Switzerland": ["0.6997", "Europe"], "Chile": ["0.6455", "South America"], "China": ["0.6559999999999999", "Asia"], "Colombia": ["0.7049", "South America"], "Costa Rica": ["0.6936", "North America"], "Cyprus": ["0.643", "Asia"], "Czech Republic": ["0.6712", "Europe"], "Germany": ["0.7524", "Europe"], "Denmark": ["0.7462", "Europe"], "Dominican Republic": ["0.6639", "North America"], "Algeria": ["0.6018", "Africa"], "Ecuador": ["0.6433", "South America"], "Egypt, Arab Rep.": ["0.5785", "Africa"], "Spain": ["0.7319", "Europe"], "Estonia": ["0.6944", "Europe"], "Ethiopia": ["0.5945", "Africa"], "Finland": ["0.7958", "Europe"], "France": ["0.652", "Europe"], "United Kingdom": ["0.7365", "Europe"], "Georgia": ["0.67", "Asia"], "Ghana": ["0.6652", "Africa"], "Greece": ["0.654", "Europe"], "Guatemala": ["0.6066", "North America"], "Honduras": ["0.6483", "North America"], "Croatia": ["0.7145", "Europe"], "Hungary": ["0.6698", "Europe"], "Indonesia": ["0.6541", "Asia"], "India": ["0.601", "Asia"], "Ireland": ["0.7335", "Europe"], "Iceland": ["0.7813", "Europe"], "Israel": ["0.6889", "Asia"], "Italy": ["0.6456", "Europe"], "Jamaica": ["0.7014", "North America"], "Jordan": ["0.6109", "Asia"], "Japan": ["0.6447", "Asia"], "Kazakhstan": ["0.6928", "Asia"], "Kenya": ["0.6485", "Africa"], "Kyrgyz Republic": ["0.6741", "Asia"], "Cambodia": ["0.629", "Asia"], "Kuwait": ["0.6341", "Asia"], "Sri Lanka": ["0.7199", "Asia"], "Lesotho": ["0.6807", "Africa"], "Lithuania": ["0.7077", "Europe"], "Luxembourg": ["0.6671", "Europe"], "Latvia": ["0.7091", "Europe"], "Morocco": ["0.5826", "Africa"], "Moldova": ["0.7128", "Europe"], "Madagascar": ["0.6385", "Africa"], "Mexico": ["0.6462", "North America"], "Mali": ["0.5994", "Africa"], "Malta": ["0.6518", "Europe"], "Mongolia": ["0.6821", "Asia"], "Mauritania": ["0.5833", "Africa"], "Mauritius": ["0.6327", "Africa"], "Malawi": ["0.6435", "Africa"], "Malaysia": ["0.6509", "Asia"], "Namibia": ["0.6864", "Africa"], "Nigeria": ["0.6104", "Africa"], "Nicaragua": ["0.6566", "North America"], "Netherlands": ["0.725", "Europe"], "Norway": ["0.7994", "Europe"], "Nepal": ["0.5477", "Asia"], "New Zealand": ["0.7509", "Oceania"], "Pakistan": ["0.5433", "Asia"], "Panama": ["0.6935", "North America"], "Peru": ["0.6619", "South America"], "Philippines": ["0.7516", "Asia"], "Poland": ["0.6802", "Europe"], "Portugal": ["0.6922", "Europe"], "Paraguay": ["0.6556", "South America"], "Romania": ["0.6797", "Europe"], "Russian Federation": ["0.677", "Europe"], "Saudi Arabia": ["0.5241", "Asia"], "Singapore": ["0.655", "Asia"], "El Salvador": ["0.6836", "North America"], "Slovak Republic": ["0.6757", "Europe"], "Slovenia": ["0.6745", "Europe"], "Sweden": ["0.8133", "Europe"], "Chad": ["0.5246", "Africa"], "Thailand": ["0.6832", "Asia"], "Turkey": ["0.585", "Asia"], "Tanzania": ["0.7038", "Africa"], "Uganda": ["0.6797", "Africa"], "Ukraine": ["0.6797", "Europe"], "Uruguay": ["0.655", "South America"], "United States": ["0.7042", "North America"], "Venezuela, RB": ["0.6664", "South America"], "Yemen, Rep.": ["0.4594", "Asia"], "South Africa": ["0.7125", "Africa"], "date": "2006"}, {"Albania": ["0.6685", "Europe"], "United Arab Emirates": ["0.6184", "Asia"], "Argentina": ["0.6982", "South America"], "Australia": ["0.7204", "Oceania"], "Austria": ["0.706", "Europe"], "Belgium": ["0.7198", "Europe"], "Burkina Faso": ["0.5912", "Africa"], "Bangladesh": ["0.6314", "Asia"], "Bulgaria": ["0.7085", "Europe"], "Bahrain": ["0.5931", "Asia"], "Bolivia": ["0.6574", "South America"], "Brazil": ["0.6637", "South America"], "Botswana": ["0.6797", "Africa"], "Canada": ["0.7198", "North America"], "Switzerland": ["0.6924", "Europe"], "Chile": ["0.6482", "South America"], "China": ["0.6643", "Asia"], "Colombia": ["0.7090000000000001", "South America"], "Costa Rica": ["0.7014", "North America"], "Cyprus": ["0.6522", "Asia"], "Czech Republic": ["0.6718", "Europe"], "Germany": ["0.7618", "Europe"], "Denmark": ["0.7519", "Europe"], "Dominican Republic": ["0.6705", "North America"], "Algeria": ["0.6068", "Africa"], "Ecuador": ["0.6881", "South America"], "Egypt, Arab Rep.": ["0.5809", "Africa"], "Spain": ["0.7444", "Europe"], "Estonia": ["0.7008", "Europe"], "Ethiopia": ["0.5991", "Africa"], "Finland": ["0.8044", "Europe"], "France": ["0.6824", "Europe"], "United Kingdom": ["0.7441", "Europe"], "Georgia": ["0.6665", "Asia"], "Ghana": ["0.6725", "Africa"], "Greece": ["0.6648", "Europe"], "Guatemala": ["0.6144", "North America"], "Honduras": ["0.6661", "North America"], "Croatia": ["0.721", "Europe"], "Hungary": ["0.6731", "Europe"], "Indonesia": ["0.655", "Asia"], "India": ["0.5936", "Asia"], "Ireland": ["0.7457", "Europe"], "Iceland": ["0.7836", "Europe"], "Israel": ["0.6965", "Asia"], "Italy": ["0.6498", "Europe"], "Jamaica": ["0.6925", "North America"], "Jordan": ["0.6203", "Asia"], "Japan": ["0.6455", "Asia"], "Kazakhstan": ["0.6983", "Asia"], "Kenya": ["0.6508", "Africa"], "Kyrgyz Republic": ["0.6653", "Asia"], "Cambodia": ["0.6353", "Asia"], "Kuwait": ["0.6409", "Asia"], "Sri Lanka": ["0.723", "Asia"], "Lesotho": ["0.7078", "Africa"], "Lithuania": ["0.7234", "Europe"], "Luxembourg": ["0.6786", "Europe"], "Latvia": ["0.7333", "Europe"], "Morocco": ["0.5676", "Africa"], "Moldova": ["0.7172", "Europe"], "Madagascar": ["0.6461", "Africa"], "Mexico": ["0.6441", "North America"], "Mali": ["0.6019", "Africa"], "Malta": ["0.6615", "Europe"], "Mongolia": ["0.6731", "Asia"], "Mauritania": ["0.6022", "Africa"], "Mauritius": ["0.6487", "Africa"], "Malawi": ["0.648", "Africa"], "Malaysia": ["0.6444", "Asia"], "Namibia": ["0.7012", "Africa"], "Nigeria": ["0.6122", "Africa"], "Nicaragua": ["0.6458", "North America"], "Netherlands": ["0.7383", "Europe"], "Norway": ["0.8059", "Europe"], "Nepal": ["0.5575", "Asia"], "New Zealand": ["0.7649", "Oceania"], "Pakistan": ["0.5509", "Asia"], "Panama": ["0.6954", "North America"], "Peru": ["0.6624", "South America"], "Philippines": ["0.7629", "Asia"], "Poland": ["0.6756", "Europe"], "Portugal": ["0.6959", "Europe"], "Paraguay": ["0.6659", "South America"], "Romania": ["0.6859", "Europe"], "Russian Federation": ["0.6866", "Europe"], "Saudi Arabia": ["0.5647", "Asia"], "Singapore": ["0.6609", "Asia"], "El Salvador": ["0.6853", "North America"], "Slovak Republic": ["0.6797", "Europe"], "Slovenia": ["0.6842", "Europe"], "Sweden": ["0.8146", "Europe"], "Chad": ["0.5381", "Africa"], "Thailand": ["0.6815", "Asia"], "Turkey": ["0.5768", "Asia"], "Tanzania": ["0.6969", "Africa"], "Uganda": ["0.6833", "Africa"], "Ukraine": ["0.679", "Europe"], "Uruguay": ["0.6608", "South America"], "United States": ["0.7002", "North America"], "Venezuela, RB": ["0.6797", "South America"], "Yemen, Rep.": ["0.451", "Asia"], "South Africa": ["0.7194", "Africa"], "date": "2007"}, {"Albania": ["0.6591", "Europe"], "United Arab Emirates": ["0.622", "Asia"], "Argentina": ["0.7209", "South America"], "Australia": ["0.7241", "Oceania"], "Austria": ["0.7153", "Europe"], "Belgium": ["0.7163", "Europe"], "Burkina Faso": ["0.6029", "Africa"], "Bangladesh": ["0.6531", "Asia"], "Bulgaria": ["0.7077", "Europe"], "Bahrain": ["0.5927", "Asia"], "Bolivia": ["0.6667", "South America"], "Brazil": ["0.6737", "South America"], "Botswana": ["0.6839", "Africa"], "Canada": ["0.7136", "North America"], "Switzerland": ["0.736", "Europe"], "Chile": ["0.6818", "South America"], "China": ["0.6878", "Asia"], "Colombia": ["0.6944", "South America"], "Costa Rica": ["0.7111", "North America"], "Cyprus": ["0.6694", "Asia"], "Czech Republic": ["0.677", "Europe"], "Germany": ["0.7394", "Europe"], "Denmark": ["0.7538", "Europe"], "Dominican Republic": ["0.6744", "North America"], "Algeria": ["0.6111", "Africa"], "Ecuador": ["0.7091", "South America"], "Egypt, Arab Rep.": ["0.5832", "Africa"], "Spain": ["0.7281", "Europe"], "Estonia": ["0.7076", "Europe"], "Ethiopia": ["0.5867", "Africa"], "Finland": ["0.8195", "Europe"], "France": ["0.7341", "Europe"], "United Kingdom": ["0.7366", "Europe"], "Georgia": ["0.6654", "Asia"], "Ghana": ["0.6679", "Africa"], "Greece": ["0.6727", "Europe"], "Guatemala": ["0.6072", "North America"], "Honduras": ["0.696", "North America"], "Croatia": ["0.6967", "Europe"], "Hungary": ["0.6867", "Europe"], "Indonesia": ["0.6473", "Asia"], "India": ["0.606", "Asia"], "Ireland": ["0.7518", "Europe"], "Iceland": ["0.7999", "Europe"], "Israel": ["0.69", "Asia"], "Italy": ["0.6788", "Europe"], "Jamaica": ["0.698", "North America"], "Jordan": ["0.6275", "Asia"], "Japan": ["0.6434", "Asia"], "Kazakhstan": ["0.6976", "Asia"], "Kenya": ["0.6547", "Africa"], "Kyrgyz Republic": ["0.7045", "Asia"], "Cambodia": ["0.6469", "Asia"], "Kuwait": ["0.6358", "Asia"], "Sri Lanka": ["0.7371", "Asia"], "Lesotho": ["0.732", "Africa"], "Lithuania": ["0.7222", "Europe"], "Luxembourg": ["0.6802", "Europe"], "Latvia": ["0.7397", "Europe"], "Morocco": ["0.5757", "Africa"], "Moldova": ["0.7244", "Europe"], "Madagascar": ["0.6736", "Africa"], "Mexico": ["0.6441", "North America"], "Mali": ["0.6117", "Africa"], "Malta": ["0.6634", "Europe"], "Mongolia": ["0.7049", "Asia"], "Mauritania": ["0.6117", "Africa"], "Mauritius": ["0.6466", "Africa"], "Malawi": ["0.6664", "Africa"], "Malaysia": ["0.6442", "Asia"], "Namibia": ["0.7141", "Africa"], "Nigeria": ["0.6339", "Africa"], "Nicaragua": ["0.6747", "North America"], "Netherlands": ["0.7399", "Europe"], "Norway": ["0.8239", "Europe"], "Nepal": ["0.5942", "Asia"], "New Zealand": ["0.7859", "Oceania"], "Pakistan": ["0.5549", "Asia"], "Panama": ["0.7095", "North America"], "Peru": ["0.6959", "South America"], "Philippines": ["0.7568", "Asia"], "Poland": ["0.6951", "Europe"], "Portugal": ["0.7051", "Europe"], "Paraguay": ["0.6379", "South America"], "Romania": ["0.6763", "Europe"], "Russian Federation": ["0.6994", "Europe"], "Saudi Arabia": ["0.5537", "Asia"], "Singapore": ["0.6625", "Asia"], "El Salvador": ["0.6875", "North America"], "Slovak Republic": ["0.6824", "Europe"], "Slovenia": ["0.6937", "Europe"], "Sweden": ["0.8139", "Europe"], "Chad": ["0.529", "Africa"], "Thailand": ["0.6917", "Asia"], "Turkey": ["0.5853", "Asia"], "Tanzania": ["0.7068", "Africa"], "Uganda": ["0.6981", "Africa"], "Ukraine": ["0.6856", "Europe"], "Uruguay": ["0.6907", "South America"], "United States": ["0.7179", "North America"], "Venezuela, RB": ["0.6875", "South America"], "Yemen, Rep.": ["0.4664", "Asia"], "South Africa": ["0.7232", "Africa"], "date": "2008"}, {"Albania": ["0.6601", "Europe"], "United Arab Emirates": ["0.6198", "Asia"], "Argentina": ["0.7211", "South America"], "Australia": ["0.7282", "Oceania"], "Austria": ["0.7031", "Europe"], "Belgium": ["0.7165", "Europe"], "Burkina Faso": ["0.6081", "Africa"], "Bangladesh": ["0.6526", "Asia"], "Bulgaria": ["0.7072", "Europe"], "Bahrain": ["0.6136", "Asia"], "Bolivia": ["0.6693", "South America"], "Brazil": ["0.6695", "South America"], "Botswana": ["0.7071", "Africa"], "Canada": ["0.7196", "North America"], "Switzerland": ["0.7426", "Europe"], "Chile": ["0.6884", "South America"], "China": ["0.6907", "Asia"], "Colombia": ["0.6939", "South America"], "Costa Rica": ["0.718", "North America"], "Cyprus": ["0.6706", "Asia"], "Czech Republic": ["0.6789", "Europe"], "Germany": ["0.7449", "Europe"], "Denmark": ["0.7628", "Europe"], "Dominican Republic": ["0.6859", "North America"], "Algeria": ["0.6119", "Africa"], "Ecuador": ["0.722", "South America"], "Egypt, Arab Rep.": ["0.5862", "Africa"], "Spain": ["0.7345", "Europe"], "Estonia": ["0.7094", "Europe"], "Ethiopia": ["0.5948", "Africa"], "Finland": ["0.8252", "Europe"], "France": ["0.7331", "Europe"], "United Kingdom": ["0.7402", "Europe"], "Georgia": ["0.6679999999999999", "Asia"], "Ghana": ["0.6704", "Africa"], "Greece": ["0.6662", "Europe"], "Guatemala": ["0.6209", "North America"], "Honduras": ["0.6893", "North America"], "Croatia": ["0.6944", "Europe"], "Hungary": ["0.6879", "Europe"], "Indonesia": ["0.6579999999999999", "Asia"], "India": ["0.6151", "Asia"], "Ireland": ["0.7597", "Europe"], "Iceland": ["0.8276", "Europe"], "Israel": ["0.7019", "Asia"], "Italy": ["0.6798", "Europe"], "Jamaica": ["0.7013", "North America"], "Jordan": ["0.6182", "Asia"], "Japan": ["0.6445", "Asia"], "Kazakhstan": ["0.7013", "Asia"], "Kenya": ["0.6512", "Africa"], "Kyrgyz Republic": ["0.7058", "Asia"], "Cambodia": ["0.6409999999999999", "Asia"], "Kuwait": ["0.6356", "Asia"], "Sri Lanka": ["0.7402", "Asia"], "Lesotho": ["0.7495", "Africa"], "Lithuania": ["0.7175", "Europe"], "Luxembourg": ["0.6889", "Europe"], "Latvia": ["0.7416", "Europe"], "Morocco": ["0.5926", "Africa"], "Moldova": ["0.7104", "Europe"], "Madagascar": ["0.6732", "Africa"], "Mexico": ["0.6503", "North America"], "Mali": ["0.586", "Africa"], "Malta": ["0.6635", "Europe"], "Mongolia": ["0.7221", "Asia"], "Mauritania": ["0.6103", "Africa"], "Mauritius": ["0.6513", "Africa"], "Malawi": ["0.6738", "Africa"], "Malaysia": ["0.6467", "Asia"], "Namibia": ["0.7167", "Africa"], "Nigeria": ["0.628", "Africa"], "Nicaragua": ["0.7002", "North America"], "Netherlands": ["0.7490000000000001", "Europe"], "Norway": ["0.8227", "Europe"], "Nepal": ["0.6213", "Asia"], "New Zealand": ["0.7879999999999999", "Oceania"], "Pakistan": ["0.5458", "Asia"], "Panama": ["0.7024", "North America"], "Peru": ["0.7024", "South America"], "Philippines": ["0.7579", "Asia"], "Poland": ["0.6998", "Europe"], "Portugal": ["0.7013", "Europe"], "Paraguay": ["0.6868", "South America"], "Romania": ["0.6805", "Europe"], "Russian Federation": ["0.6987", "Europe"], "Saudi Arabia": ["0.5651", "Asia"], "Singapore": ["0.6664", "Asia"], "El Salvador": ["0.6939", "North America"], "Slovak Republic": ["0.6845", "Europe"], "Slovenia": ["0.6982", "Europe"], "Sweden": ["0.8139", "Europe"], "Chad": ["0.5417", "Africa"], "Thailand": ["0.6907", "Asia"], "Turkey": ["0.5828", "Asia"], "Tanzania": ["0.6797", "Africa"], "Uganda": ["0.7067", "Africa"], "Ukraine": ["0.6896", "Europe"], "Uruguay": ["0.6936", "South America"], "United States": ["0.7173", "North America"], "Venezuela, RB": ["0.6839", "South America"], "Yemen, Rep.": ["0.4609", "Asia"], "South Africa": ["0.7709", "Africa"], "date": "2009"}, {"Albania": ["0.6726", "Europe"], "United Arab Emirates": ["0.6397", "Asia"], "Argentina": ["0.7187", "South America"], "Australia": ["0.7271", "Oceania"], "Austria": ["0.7091", "Europe"], "Belgium": ["0.7509", "Europe"], "Burkina Faso": ["0.6162", "Africa"], "Bangladesh": ["0.6702", "Asia"], "Bulgaria": ["0.6983", "Europe"], "Bahrain": ["0.6217", "Asia"], "Bolivia": ["0.6751", "South America"], "Brazil": ["0.6655", "South America"], "Botswana": ["0.6876", "Africa"], "Canada": ["0.7372", "North America"], "Switzerland": ["0.7562", "Europe"], "Chile": ["0.7013", "South America"], "China": ["0.6881", "Asia"], "Colombia": ["0.6927", "South America"], "Costa Rica": ["0.7194", "North America"], "Cyprus": ["0.6642", "Asia"], "Czech Republic": ["0.685", "Europe"], "Germany": ["0.753", "Europe"], "Denmark": ["0.7719", "Europe"], "Dominican Republic": ["0.6774", "North America"], "Algeria": ["0.6052", "Africa"], "Ecuador": ["0.7072", "South America"], "Egypt, Arab Rep.": ["0.5899", "Africa"], "Spain": ["0.7554", "Europe"], "Estonia": ["0.7018", "Europe"], "Ethiopia": ["0.6019", "Africa"], "Finland": ["0.826", "Europe"], "France": ["0.7025", "Europe"], "United Kingdom": ["0.746", "Europe"], "Georgia": ["0.6598", "Asia"], "Ghana": ["0.6782", "Africa"], "Greece": ["0.6908", "Europe"], "Guatemala": ["0.6238", "North America"], "Honduras": ["0.6927", "North America"], "Croatia": ["0.6939", "Europe"], "Hungary": ["0.672", "Europe"], "Indonesia": ["0.6615", "Asia"], "India": ["0.6155", "Asia"], "Ireland": ["0.7773", "Europe"], "Iceland": ["0.8496", "Europe"], "Israel": ["0.6957", "Asia"], "Italy": ["0.6765", "Europe"], "Jamaica": ["0.7037", "North America"], "Jordan": ["0.6048", "Asia"], "Japan": ["0.6524", "Asia"], "Kazakhstan": ["0.7055", "Asia"], "Kenya": ["0.6499", "Africa"], "Kyrgyz Republic": ["0.6973", "Asia"], "Cambodia": ["0.6482", "Asia"], "Kuwait": ["0.6318", "Asia"], "Sri Lanka": ["0.7458", "Asia"], "Lesotho": ["0.7678", "Africa"], "Lithuania": ["0.7132", "Europe"], "Luxembourg": ["0.7231", "Europe"], "Latvia": ["0.7429", "Europe"], "Morocco": ["0.5767", "Africa"], "Moldova": ["0.716", "Europe"], "Madagascar": ["0.6713", "Africa"], "Mexico": ["0.6577", "North America"], "Mali": ["0.568", "Africa"], "Malta": ["0.6695", "Europe"], "Mongolia": ["0.7194", "Asia"], "Mauritania": ["0.6152", "Africa"], "Mauritius": ["0.652", "Africa"], "Malawi": ["0.6824", "Africa"], "Malaysia": ["0.6479", "Asia"], "Namibia": ["0.7238", "Africa"], "Nigeria": ["0.6055", "Africa"], "Nicaragua": ["0.7176", "North America"], "Netherlands": ["0.7444", "Europe"], "Norway": ["0.8404", "Europe"], "Nepal": ["0.6084", "Asia"], "New Zealand": ["0.7808", "Oceania"], "Pakistan": ["0.5465", "Asia"], "Panama": ["0.7072", "North America"], "Peru": ["0.6895", "South America"], "Philippines": ["0.7654", "Asia"], "Poland": ["0.7037", "Europe"], "Portugal": ["0.7171", "Europe"], "Paraguay": ["0.6804", "South America"], "Romania": ["0.6826", "Europe"], "Russian Federation": ["0.7036", "Europe"], "Saudi Arabia": ["0.5713", "Asia"], "Singapore": ["0.6914", "Asia"], "El Salvador": ["0.6596", "North America"], "Slovak Republic": ["0.6778", "Europe"], "Slovenia": ["0.7047", "Europe"], "Sweden": ["0.8024", "Europe"], "Chad": ["0.5329999999999999", "Africa"], "Thailand": ["0.691", "Asia"], "Turkey": ["0.5876", "Asia"], "Tanzania": ["0.6829", "Africa"], "Uganda": ["0.7169", "Africa"], "Ukraine": ["0.6869", "Europe"], "Uruguay": ["0.6897", "South America"], "United States": ["0.7411", "North America"], "Venezuela, RB": ["0.6863", "South America"], "Yemen, Rep.": ["0.4603", "Asia"], "South Africa": ["0.7535", "Africa"], "date": "2010"}, {"Albania": ["0.6748", "Europe"], "United Arab Emirates": ["0.6454", "Asia"], "Argentina": ["0.7236", "South America"], "Australia": ["0.7291", "Oceania"], "Austria": ["0.7165", "Europe"], "Belgium": ["0.7531", "Europe"], "Burkina Faso": ["0.6153", "Africa"], "Bangladesh": ["0.6812", "Asia"], "Bulgaria": ["0.6987", "Europe"], "Bahrain": ["0.6232", "Asia"], "Bolivia": ["0.6862", "South America"], "Brazil": ["0.6679", "South America"], "Botswana": ["0.6832", "Africa"], "Canada": ["0.7407", "North America"], "Switzerland": ["0.7627", "Europe"], "Chile": ["0.703", "South America"], "China": ["0.6866", "Asia"], "Colombia": ["0.6714", "South America"], "Costa Rica": ["0.7266", "North America"], "Cyprus": ["0.6567", "Asia"], "Czech Republic": ["0.6789", "Europe"], "Germany": ["0.759", "Europe"], "Denmark": ["0.7778", "Europe"], "Dominican Republic": ["0.6682", "North America"], "Algeria": ["0.5991", "Africa"], "Ecuador": ["0.7035", "South America"], "Egypt, Arab Rep.": ["0.5933", "Africa"], "Spain": ["0.758", "Europe"], "Estonia": ["0.6983", "Europe"], "Ethiopia": ["0.6136", "Africa"], "Finland": ["0.8383", "Europe"], "France": ["0.7018", "Europe"], "United Kingdom": ["0.7462", "Europe"], "Georgia": ["0.6624", "Asia"], "Ghana": ["0.6811", "Africa"], "Greece": ["0.6916", "Europe"], "Guatemala": ["0.6229", "North America"], "Honduras": ["0.6945", "North America"], "Croatia": ["0.7006", "Europe"], "Hungary": ["0.6642", "Europe"], "Indonesia": ["0.6594", "Asia"], "India": ["0.619", "Asia"], "Ireland": ["0.7829999999999999", "Europe"], "Iceland": ["0.853", "Europe"], "Israel": ["0.6926", "Asia"], "Italy": ["0.6796", "Europe"], "Jamaica": ["0.7028", "North America"], "Jordan": ["0.6117", "Asia"], "Japan": ["0.6514", "Asia"], "Kazakhstan": ["0.701", "Asia"], "Kenya": ["0.6493", "Africa"], "Kyrgyz Republic": ["0.7036", "Asia"], "Cambodia": ["0.6464", "Asia"], "Kuwait": ["0.6322", "Asia"], "Sri Lanka": ["0.7212", "Asia"], "Lesotho": ["0.7666", "Africa"], "Lithuania": ["0.7131", "Europe"], "Luxembourg": ["0.7216", "Europe"], "Latvia": ["0.7399", "Europe"], "Morocco": ["0.5804", "Africa"], "Moldova": ["0.7083", "Europe"], "Madagascar": ["0.6797", "Africa"], "Mexico": ["0.6604", "North America"], "Mali": ["0.5752", "Africa"], "Malta": ["0.6658", "Europe"], "Mongolia": ["0.7140000000000001", "Asia"], "Mauritania": ["0.6164", "Africa"], "Mauritius": ["0.6529", "Africa"], "Malawi": ["0.685", "Africa"], "Malaysia": ["0.6525", "Asia"], "Namibia": ["0.7177", "Africa"], "Nigeria": ["0.6011", "Africa"], "Nicaragua": ["0.7245", "North America"], "Netherlands": ["0.747", "Europe"], "Norway": ["0.8404", "Europe"], "Nepal": ["0.5888", "Asia"], "New Zealand": ["0.7809999999999999", "Oceania"], "Pakistan": ["0.5583", "Asia"], "Panama": ["0.7042", "North America"], "Peru": ["0.6796", "South America"], "Philippines": ["0.7685", "Asia"], "Poland": ["0.7038", "Europe"], "Portugal": ["0.7144", "Europe"], "Paraguay": ["0.6818", "South America"], "Romania": ["0.6812", "Europe"], "Russian Federation": ["0.7037", "Europe"], "Saudi Arabia": ["0.5753", "Asia"], "Singapore": ["0.6914", "Asia"], "El Salvador": ["0.6567", "North America"], "Slovak Republic": ["0.6797", "Europe"], "Slovenia": ["0.7041", "Europe"], "Sweden": ["0.8044", "Europe"], "Chad": ["0.5334", "Africa"], "Thailand": ["0.6892", "Asia"], "Turkey": ["0.5954", "Asia"], "Tanzania": ["0.6904", "Africa"], "Uganda": ["0.722", "Africa"], "Ukraine": ["0.6861", "Europe"], "Uruguay": ["0.6907", "South America"], "United States": ["0.7412", "North America"], "Venezuela, RB": ["0.6861", "South America"], "Yemen, Rep.": ["0.4873", "Asia"], "South Africa": ["0.7478", "Africa"], "date": "2011"}, {"Albania": ["0.6655", "Europe"], "United Arab Emirates": ["0.6392", "Asia"], "Argentina": ["0.7212", "South America"], "Australia": ["0.7294", "Oceania"], "Austria": ["0.7391", "Europe"], "Belgium": ["0.7652", "Europe"], "Burkina Faso": ["0.6455", "Africa"], "Bangladesh": ["0.6684", "Asia"], "Bulgaria": ["0.7021", "Europe"], "Bahrain": ["0.6298", "Asia"], "Bolivia": ["0.7222", "South America"], "Brazil": ["0.6909", "South America"], "Botswana": ["0.6744", "Africa"], "Canada": ["0.7381", "North America"], "Switzerland": ["0.7672", "Europe"], "Chile": ["0.6676", "South America"], "China": ["0.6853", "Asia"], "Colombia": ["0.6901", "South America"], "Costa Rica": ["0.7225", "North America"], "Cyprus": ["0.6732", "Asia"], "Czech Republic": ["0.6767", "Europe"], "Germany": ["0.7629", "Europe"], "Denmark": ["0.7777", "Europe"], "Dominican Republic": ["0.6659", "North America"], "Algeria": ["0.6112", "Africa"], "Ecuador": ["0.7206", "South America"], "Egypt, Arab Rep.": ["0.5975", "Africa"], "Spain": ["0.7266", "Europe"], "Estonia": ["0.6977", "Europe"], "Ethiopia": ["0.62", "Africa"], "Finland": ["0.8451", "Europe"], "France": ["0.6984", "Europe"], "United Kingdom": ["0.7433", "Europe"], "Georgia": ["0.6691", "Asia"], "Ghana": ["0.6778", "Africa"], "Greece": ["0.6716", "Europe"], "Guatemala": ["0.626", "North America"], "Honduras": ["0.6763", "North America"], "Croatia": ["0.7053", "Europe"], "Hungary": ["0.6718", "Europe"], "Indonesia": ["0.6591", "Asia"], "India": ["0.6442", "Asia"], "Ireland": ["0.7839", "Europe"], "Iceland": ["0.8640000000000001", "Europe"], "Israel": ["0.6989", "Asia"], "Italy": ["0.6729", "Europe"], "Jamaica": ["0.7035", "North America"], "Jordan": ["0.6103", "Asia"], "Japan": ["0.653", "Asia"], "Kazakhstan": ["0.7213", "Asia"], "Kenya": ["0.6768", "Africa"], "Kyrgyz Republic": ["0.7013", "Asia"], "Cambodia": ["0.6457", "Asia"], "Kuwait": ["0.632", "Asia"], "Sri Lanka": ["0.7122", "Asia"], "Lesotho": ["0.7608", "Africa"], "Lithuania": ["0.7191", "Europe"], "Luxembourg": ["0.7439", "Europe"], "Latvia": ["0.7572", "Europe"], "Morocco": ["0.5833", "Africa"], "Moldova": ["0.7101", "Europe"], "Madagascar": ["0.6982", "Africa"], "Mexico": ["0.6712", "North America"], "Mali": ["0.5842", "Africa"], "Malta": ["0.6666", "Europe"], "Mongolia": ["0.7111", "Asia"], "Mauritania": ["0.6129", "Africa"], "Mauritius": ["0.6547", "Africa"], "Malawi": ["0.7166", "Africa"], "Malaysia": ["0.6539", "Asia"], "Namibia": ["0.7121", "Africa"], "Nigeria": ["0.6315", "Africa"], "Nicaragua": ["0.7697", "North America"], "Netherlands": ["0.7659", "Europe"], "Norway": ["0.8403", "Europe"], "Nepal": ["0.6026", "Asia"], "New Zealand": ["0.7805", "Oceania"], "Pakistan": ["0.5478", "Asia"], "Panama": ["0.7122", "North America"], "Peru": ["0.6742", "South America"], "Philippines": ["0.7757", "Asia"], "Poland": ["0.7015", "Europe"], "Portugal": ["0.7071", "Europe"], "Paraguay": ["0.6714", "South America"], "Romania": ["0.6859", "Europe"], "Russian Federation": ["0.698", "Europe"], "Saudi Arabia": ["0.5731", "Asia"], "Singapore": ["0.6989", "Asia"], "El Salvador": ["0.6629999999999999", "North America"], "Slovak Republic": ["0.6824", "Europe"], "Slovenia": ["0.7132", "Europe"], "Sweden": ["0.8159", "Europe"], "Chad": ["0.5594", "Africa"], "Thailand": ["0.6893", "Asia"], "Turkey": ["0.6015", "Asia"], "Tanzania": ["0.7091", "Africa"], "Uganda": ["0.7228", "Africa"], "Ukraine": ["0.6894", "Europe"], "Uruguay": ["0.6745", "South America"], "United States": ["0.7373", "North America"], "Venezuela, RB": ["0.706", "South America"], "Yemen, Rep.": ["0.5054", "Asia"], "South Africa": ["0.7496", "Africa"], "date": "2012"}, {"Albania": ["0.6412", "Europe"], "United Arab Emirates": ["0.6372", "Asia"], "Argentina": ["0.7195", "South America"], "Australia": ["0.7390000000000001", "Oceania"], "Austria": ["0.7437", "Europe"], "Belgium": ["0.7684", "Europe"], "Burkina Faso": ["0.6513", "Africa"], "Bangladesh": ["0.6848", "Asia"], "Bulgaria": ["0.7097", "Europe"], "Bahrain": ["0.6334", "Asia"], "Bolivia": ["0.7340000000000001", "South America"], "Brazil": ["0.6949", "South America"], "Botswana": ["0.6752", "Africa"], "Canada": ["0.7425", "North America"], "Switzerland": ["0.7736", "Europe"], "Chile": ["0.667", "South America"], "China": ["0.6908", "Asia"], "Colombia": ["0.7171", "South America"], "Costa Rica": ["0.7241", "North America"], "Cyprus": ["0.6801", "Asia"], "Czech Republic": ["0.677", "Europe"], "Germany": ["0.7583", "Europe"], "Denmark": ["0.7779", "Europe"], "Dominican Republic": ["0.6867", "North America"], "Algeria": ["0.5966", "Africa"], "Ecuador": ["0.7389", "South America"], "Egypt, Arab Rep.": ["0.5935", "Africa"], "Spain": ["0.7266", "Europe"], "Estonia": ["0.6997", "Europe"], "Ethiopia": ["0.6198", "Africa"], "Finland": ["0.8421", "Europe"], "France": ["0.7089", "Europe"], "United Kingdom": ["0.7440000000000001", "Europe"], "Georgia": ["0.675", "Asia"], "Ghana": ["0.6811", "Africa"], "Greece": ["0.6782", "Europe"], "Guatemala": ["0.6304", "North America"], "Honduras": ["0.6773", "North America"], "Croatia": ["0.7069", "Europe"], "Hungary": ["0.6742", "Europe"], "Indonesia": ["0.6613", "Asia"], "India": ["0.6551", "Asia"], "Ireland": ["0.7823", "Europe"], "Iceland": ["0.8731", "Europe"], "Israel": ["0.7032", "Asia"], "Italy": ["0.6885", "Europe"], "Jamaica": ["0.7085", "North America"], "Jordan": ["0.6093", "Asia"], "Japan": ["0.6498", "Asia"], "Kazakhstan": ["0.7218", "Asia"], "Kenya": ["0.6803", "Africa"], "Kyrgyz Republic": ["0.6948", "Asia"], "Cambodia": ["0.6509", "Asia"], "Kuwait": ["0.6292", "Asia"], "Sri Lanka": ["0.7019", "Asia"], "Lesotho": ["0.753", "Africa"], "Lithuania": ["0.7308", "Europe"], "Luxembourg": ["0.741", "Europe"], "Latvia": ["0.7609999999999999", "Europe"], "Morocco": ["0.5845", "Africa"], "Moldova": ["0.7037", "Europe"], "Madagascar": ["0.7016", "Africa"], "Mexico": ["0.6917", "North America"], "Mali": ["0.5872", "Africa"], "Malta": ["0.6761", "Europe"], "Mongolia": ["0.7204", "Asia"], "Mauritania": ["0.581", "Africa"], "Mauritius": ["0.6599", "Africa"], "Malawi": ["0.7139", "Africa"], "Malaysia": ["0.6518", "Asia"], "Namibia": ["0.7094", "Africa"], "Nigeria": ["0.6469", "Africa"], "Nicaragua": ["0.7715", "North America"], "Netherlands": ["0.7608", "Europe"], "Norway": ["0.8417", "Europe"], "Nepal": ["0.6053", "Asia"], "New Zealand": ["0.7799", "Oceania"], "Pakistan": ["0.5459", "Asia"], "Panama": ["0.7164", "North America"], "Peru": ["0.6787", "South America"], "Philippines": ["0.7832", "Asia"], "Poland": ["0.7031", "Europe"], "Portugal": ["0.7056", "Europe"], "Paraguay": ["0.6724", "South America"], "Romania": ["0.6908", "Europe"], "Russian Federation": ["0.6983", "Europe"], "Saudi Arabia": ["0.5879", "Asia"], "Singapore": ["0.7", "Asia"], "El Salvador": ["0.6609", "North America"], "Slovak Republic": ["0.6857", "Europe"], "Slovenia": ["0.7155", "Europe"], "Sweden": ["0.8129", "Europe"], "Chad": ["0.5588", "Africa"], "Thailand": ["0.6928", "Asia"], "Turkey": ["0.6081", "Asia"], "Tanzania": ["0.6928", "Africa"], "Uganda": ["0.7086", "Africa"], "Ukraine": ["0.6935", "Europe"], "Uruguay": ["0.6803", "South America"], "United States": ["0.7392", "North America"], "Venezuela, RB": ["0.706", "South America"], "Yemen, Rep.": ["0.5128", "Asia"], "South Africa": ["0.7509999999999999", "Africa"], "date": "2013"}, {"Albania": ["0.6869", "Europe"], "United Arab Emirates": ["0.6436", "Asia"], "Argentina": ["0.7317", "South America"], "Australia": ["0.7409", "Oceania"], "Austria": ["0.7266", "Europe"], "Belgium": ["0.7809", "Europe"], "Burkina Faso": ["0.65", "Africa"], "Bangladesh": ["0.6973", "Asia"], "Bulgaria": ["0.7444", "Europe"], "Bahrain": ["0.6261", "Asia"], "Bolivia": ["0.7049", "South America"], "Brazil": ["0.6941", "South America"], "Botswana": ["0.7129", "Africa"], "Canada": ["0.7464", "North America"], "Switzerland": ["0.7798", "Europe"], "Chile": ["0.6975", "South America"], "China": ["0.6829999999999999", "Asia"], "Colombia": ["0.7122", "South America"], "Costa Rica": ["0.7165", "North America"], "Cyprus": ["0.6741", "Asia"], "Czech Republic": ["0.6737", "Europe"], "Germany": ["0.778", "Europe"], "Denmark": ["0.8025", "Europe"], "Dominican Republic": ["0.6906", "North America"], "Algeria": ["0.6182", "Africa"], "Ecuador": ["0.7455", "South America"], "Egypt, Arab Rep.": ["0.6064", "Africa"], "Spain": ["0.7325", "Europe"], "Estonia": ["0.7017", "Europe"], "Ethiopia": ["0.6144", "Africa"], "Finland": ["0.8453", "Europe"], "France": ["0.7588", "Europe"], "United Kingdom": ["0.7383", "Europe"], "Georgia": ["0.6855", "Asia"], "Ghana": ["0.6661", "Africa"], "Greece": ["0.6784", "Europe"], "Guatemala": ["0.6821", "North America"], "Honduras": ["0.6935", "North America"], "Croatia": ["0.7075", "Europe"], "Hungary": ["0.6759", "Europe"], "Indonesia": ["0.6725", "Asia"], "India": ["0.6455", "Asia"], "Ireland": ["0.785", "Europe"], "Iceland": ["0.8594", "Europe"], "Israel": ["0.7005", "Asia"], "Italy": ["0.6973", "Europe"], "Jamaica": ["0.7128", "North America"], "Jordan": ["0.5968", "Asia"], "Japan": ["0.6584", "Asia"], "Kazakhstan": ["0.721", "Asia"], "Kenya": ["0.7258", "Africa"], "Kyrgyz Republic": ["0.6974", "Asia"], "Cambodia": ["0.652", "Asia"], "Kuwait": ["0.6457", "Asia"], "Sri Lanka": ["0.6903", "Asia"], "Lesotho": ["0.7255", "Africa"], "Lithuania": ["0.7208", "Europe"], "Luxembourg": ["0.7333", "Europe"], "Latvia": ["0.7691", "Europe"], "Morocco": ["0.5988", "Africa"], "Moldova": ["0.7405", "Europe"], "Madagascar": ["0.7214", "Africa"], "Mexico": ["0.69", "North America"], "Mali": ["0.5779", "Africa"], "Malta": ["0.6707", "Europe"], "Mongolia": ["0.7212", "Asia"], "Mauritania": ["0.6029", "Africa"], "Mauritius": ["0.6541", "Africa"], "Malawi": ["0.7281", "Africa"], "Malaysia": ["0.652", "Asia"], "Namibia": ["0.7219", "Africa"], "Nigeria": ["0.6391", "Africa"], "Nicaragua": ["0.7894", "North America"], "Netherlands": ["0.773", "Europe"], "Norway": ["0.8374", "Europe"], "Nepal": ["0.6458", "Asia"], "New Zealand": ["0.7772", "Oceania"], "Pakistan": ["0.5522", "Asia"], "Panama": ["0.7195", "North America"], "Peru": ["0.7198", "South America"], "Philippines": ["0.7814", "Asia"], "Poland": ["0.7051", "Europe"], "Portugal": ["0.7243", "Europe"], "Paraguay": ["0.6890000000000001", "South America"], "Romania": ["0.6936", "Europe"], "Russian Federation": ["0.6927", "Europe"], "Saudi Arabia": ["0.6059", "Asia"], "Singapore": ["0.7046", "Asia"], "El Salvador": ["0.6863", "North America"], "Slovak Republic": ["0.6806", "Europe"], "Slovenia": ["0.7443", "Europe"], "Sweden": ["0.8165", "Europe"], "Chad": ["0.5764", "Africa"], "Thailand": ["0.7027", "Asia"], "Turkey": ["0.6183", "Asia"], "Tanzania": ["0.7182", "Africa"], "Uganda": ["0.6821", "Africa"], "Ukraine": ["0.7056", "Europe"], "Uruguay": ["0.6871", "South America"], "United States": ["0.7463", "North America"], "Venezuela, RB": ["0.6851", "South America"], "Yemen, Rep.": ["0.5145", "Asia"], "South Africa": ["0.7527", "Africa"], "date": "2014"}, {"Albania": ["0.701", "Europe"], "United Arab Emirates": ["0.6459999999999999", "Asia"], "Argentina": ["0.7340000000000001", "South America"], "Australia": ["0.733", "Oceania"], "Austria": ["0.733", "Europe"], "Belgium": ["0.753", "Europe"], "Burkina Faso": ["0.6509999999999999", "Africa"], "Bangladesh": ["0.7040000000000001", "Asia"], "Bulgaria": ["0.722", "Europe"], "Bahrain": ["0.644", "Asia"], "Bolivia": ["0.7490000000000001", "South America"], "Brazil": ["0.6859999999999999", "South America"], "Botswana": ["0.71", "Africa"], "Canada": ["0.74", "North America"], "Switzerland": ["0.785", "Europe"], "Chile": ["0.698", "South America"], "China": ["0.682", "Asia"], "Colombia": ["0.725", "South America"], "Costa Rica": ["0.732", "North America"], "Cyprus": ["0.6709999999999999", "Asia"], "Czech Republic": ["0.687", "Europe"], "Germany": ["0.779", "Europe"], "Denmark": ["0.767", "Europe"], "Dominican Republic": ["0.6859999999999999", "North America"], "Algeria": ["0.632", "Africa"], "Ecuador": ["0.738", "South America"], "Egypt, Arab Rep.": ["0.599", "Africa"], "Spain": ["0.742", "Europe"], "Estonia": ["0.7490000000000001", "Europe"], "Ethiopia": ["0.64", "Africa"], "Finland": ["0.85", "Europe"], "France": ["0.7609999999999999", "Europe"], "United Kingdom": ["0.758", "Europe"], "Georgia": ["0.687", "Asia"], "Ghana": ["0.7040000000000001", "Africa"], "Greece": ["0.685", "Europe"], "Guatemala": ["0.667", "North America"], "Honduras": ["0.688", "North America"], "Croatia": ["0.708", "Europe"], "Hungary": ["0.672", "Europe"], "Indonesia": ["0.6809999999999999", "Asia"], "India": ["0.664", "Asia"], "Ireland": ["0.807", "Europe"], "Iceland": ["0.8809999999999999", "Europe"], "Israel": ["0.7120000000000001", "Asia"], "Italy": ["0.726", "Europe"], "Jamaica": ["0.703", "North America"], "Jordan": ["0.593", "Asia"], "Japan": ["0.67", "Asia"], "Kazakhstan": ["0.7190000000000001", "Asia"], "Kenya": ["0.7190000000000001", "Africa"], "Kyrgyz Republic": ["0.693", "Asia"], "Cambodia": ["0.662", "Asia"], "Kuwait": ["0.6459999999999999", "Asia"], "Sri Lanka": ["0.6859999999999999", "Asia"], "Lesotho": ["0.706", "Africa"], "Lithuania": ["0.74", "Europe"], "Luxembourg": ["0.738", "Europe"], "Latvia": ["0.752", "Europe"], "Morocco": ["0.593", "Africa"], "Moldova": ["0.742", "Europe"], "Madagascar": ["0.698", "Africa"], "Mexico": ["0.6990000000000001", "North America"], "Mali": ["0.599", "Africa"], "Malta": ["0.6679999999999999", "Europe"], "Mongolia": ["0.7090000000000001", "Asia"], "Mauritania": ["0.613", "Africa"], "Mauritius": ["0.6459999999999999", "Africa"], "Malawi": ["0.701", "Africa"], "Malaysia": ["0.655", "Asia"], "Namibia": ["0.76", "Africa"], "Nigeria": ["0.638", "Africa"], "Nicaragua": ["0.7759999999999999", "North America"], "Netherlands": ["0.7759999999999999", "Europe"], "Norway": ["0.85", "Europe"], "Nepal": ["0.6579999999999999", "Asia"], "New Zealand": ["0.782", "Oceania"], "Pakistan": ["0.5589999999999999", "Asia"], "Panama": ["0.722", "North America"], "Peru": ["0.6829999999999999", "South America"], "Philippines": ["0.79", "Asia"], "Poland": ["0.715", "Europe"], "Portugal": ["0.731", "Europe"], "Paraguay": ["0.6659999999999999", "South America"], "Romania": ["0.693", "Europe"], "Russian Federation": ["0.6940000000000001", "Europe"], "Saudi Arabia": ["0.605", "Asia"], "Singapore": ["0.711", "Asia"], "El Salvador": ["0.706", "North America"], "Slovak Republic": ["0.675", "Europe"], "Slovenia": ["0.784", "Europe"], "Sweden": ["0.823", "Europe"], "Chad": ["0.58", "Africa"], "Thailand": ["0.706", "Asia"], "Turkey": ["0.624", "Asia"], "Tanzania": ["0.718", "Africa"], "Uganda": ["0.708", "Africa"], "Ukraine": ["0.7020000000000001", "Europe"], "Uruguay": ["0.679", "South America"], "United States": ["0.74", "North America"], "Venezuela, RB": ["0.691", "South America"], "Yemen, Rep.": ["0.484", "Asia"], "South Africa": ["0.759", "Africa"], "date": "2015"}, {"Albania": ["0.7040000000000001", "Europe"], "United Arab Emirates": ["0.639", "Asia"], "Argentina": ["0.735", "South America"], "Australia": ["0.721", "Oceania"], "Austria": ["0.716", "Europe"], "Belgium": ["0.745", "Europe"], "Burkina Faso": ["0.64", "Africa"], "Bangladesh": ["0.698", "Asia"], "Bulgaria": ["0.726", "Europe"], "Bahrain": ["0.615", "Asia"], "Bolivia": ["0.746", "South America"], "Brazil": ["0.687", "South America"], "Botswana": ["0.715", "Africa"], "Canada": ["0.731", "North America"], "Switzerland": ["0.7759999999999999", "Europe"], "Chile": ["0.6990000000000001", "South America"], "China": ["0.6759999999999999", "Asia"], "Colombia": ["0.727", "South America"], "Costa Rica": ["0.736", "North America"], "Cyprus": ["0.684", "Asia"], "Czech Republic": ["0.69", "Europe"], "Germany": ["0.7659999999999999", "Europe"], "Denmark": ["0.754", "Europe"], "Dominican Republic": ["0.6759999999999999", "North America"], "Algeria": ["0.642", "Africa"], "Ecuador": ["0.726", "South America"], "Egypt, Arab Rep.": ["0.614", "Africa"], "Spain": ["0.738", "Europe"], "Estonia": ["0.747", "Europe"], "Ethiopia": ["0.662", "Africa"], "Finland": ["0.845", "Europe"], "France": ["0.755", "Europe"], "United Kingdom": ["0.752", "Europe"], "Georgia": ["0.6809999999999999", "Asia"], "Ghana": ["0.705", "Africa"], "Greece": ["0.68", "Europe"], "Guatemala": ["0.6659999999999999", "North America"], "Honduras": ["0.69", "North America"], "Croatia": ["0.7", "Europe"], "Hungary": ["0.669", "Europe"], "Indonesia": ["0.682", "Asia"], "India": ["0.6829999999999999", "Asia"], "Ireland": ["0.797", "Europe"], "Iceland": ["0.8740000000000001", "Europe"], "Israel": ["0.7190000000000001", "Asia"], "Italy": ["0.7190000000000001", "Europe"], "Jamaica": ["0.7240000000000001", "North America"], "Jordan": ["0.603", "Asia"], "Japan": ["0.66", "Asia"], "Kazakhstan": ["0.718", "Asia"], "Kenya": ["0.7020000000000001", "Africa"], "Kyrgyz Republic": ["0.687", "Asia"], "Cambodia": ["0.6579999999999999", "Asia"], "Kuwait": ["0.624", "Asia"], "Sri Lanka": ["0.6729999999999999", "Asia"], "Lesotho": ["0.706", "Africa"], "Lithuania": ["0.7440000000000001", "Europe"], "Luxembourg": ["0.7340000000000001", "Europe"], "Latvia": ["0.755", "Europe"], "Morocco": ["0.597", "Africa"], "Moldova": ["0.741", "Europe"], "Madagascar": ["0.7040000000000001", "Africa"], "Mexico": ["0.7", "North America"], "Mali": ["0.591", "Africa"], "Malta": ["0.664", "Europe"], "Mongolia": ["0.705", "Asia"], "Mauritania": ["0.624", "Africa"], "Mauritius": ["0.652", "Africa"], "Malawi": ["0.7", "Africa"], "Malaysia": ["0.6659999999999999", "Asia"], "Namibia": ["0.765", "Africa"], "Nigeria": ["0.643", "Africa"], "Nicaragua": ["0.78", "North America"], "Netherlands": ["0.7559999999999999", "Europe"], "Norway": ["0.8420000000000001", "Europe"], "Nepal": ["0.6609999999999999", "Asia"], "New Zealand": ["0.7809999999999999", "Oceania"], "Pakistan": ["0.556", "Asia"], "Panama": ["0.721", "North America"], "Peru": ["0.687", "South America"], "Philippines": ["0.7859999999999999", "Asia"], "Poland": ["0.727", "Europe"], "Portugal": ["0.737", "Europe"], "Paraguay": ["0.6759999999999999", "South America"], "Romania": ["0.69", "Europe"], "Russian Federation": ["0.691", "Europe"], "Saudi Arabia": ["0.583", "Asia"], "Singapore": ["0.7120000000000001", "Asia"], "El Salvador": ["0.7020000000000001", "North America"], "Slovak Republic": ["0.679", "Europe"], "Slovenia": ["0.7859999999999999", "Europe"], "Sweden": ["0.815", "Europe"], "Chad": ["0.5870000000000001", "Africa"], "Thailand": ["0.6990000000000001", "Asia"], "Turkey": ["0.623", "Asia"], "Tanzania": ["0.716", "Africa"], "Uganda": ["0.7040000000000001", "Africa"], "Ukraine": ["0.7", "Europe"], "Uruguay": ["0.6809999999999999", "South America"], "United States": ["0.722", "North America"], "Venezuela, RB": ["0.6940000000000001", "South America"], "Yemen, Rep.": ["0.516", "Asia"], "South Africa": ["0.764", "Africa"], "date": "2016"}, {"Albania": ["0.728", "Europe"], "United Arab Emirates": ["0.649", "Asia"], "Argentina": ["0.732", "South America"], "Australia": ["0.731", "Oceania"], "Austria": ["0.7090000000000001", "Europe"], "Belgium": ["0.7390000000000001", "Europe"], "Burkina Faso": ["0.6459999999999999", "Africa"], "Bangladesh": ["0.7190000000000001", "Asia"], "Bulgaria": ["0.7559999999999999", "Europe"], "Bahrain": ["0.632", "Asia"], "Bolivia": ["0.758", "South America"], "Brazil": ["0.684", "South America"], "Botswana": ["0.72", "Africa"], "Canada": ["0.769", "North America"], "Switzerland": ["0.755", "Europe"], "Chile": ["0.7040000000000001", "South America"], "China": ["0.674", "Asia"], "Colombia": ["0.731", "South America"], "Costa Rica": ["0.727", "North America"], "Cyprus": ["0.684", "Asia"], "Czech Republic": ["0.688", "Europe"], "Germany": ["0.778", "Europe"], "Denmark": ["0.7759999999999999", "Europe"], "Dominican Republic": ["0.6970000000000001", "North America"], "Algeria": ["0.629", "Africa"], "Ecuador": ["0.7240000000000001", "South America"], "Egypt, Arab Rep.": ["0.608", "Africa"], "Spain": ["0.746", "Europe"], "Estonia": ["0.731", "Europe"], "Ethiopia": ["0.6559999999999999", "Africa"], "Finland": ["0.823", "Europe"], "France": ["0.778", "Europe"], "United Kingdom": ["0.77", "Europe"], "Georgia": ["0.679", "Asia"], "Ghana": ["0.695", "Africa"], "Greece": ["0.6920000000000001", "Europe"], "Guatemala": ["0.667", "North America"], "Honduras": ["0.711", "North America"], "Croatia": ["0.711", "Europe"], "Hungary": ["0.67", "Europe"], "Indonesia": ["0.691", "Asia"], "India": ["0.669", "Asia"], "Ireland": ["0.794", "Europe"], "Iceland": ["0.878", "Europe"], "Israel": ["0.721", "Asia"], "Italy": ["0.6920000000000001", "Europe"], "Jamaica": ["0.7170000000000001", "North America"], "Jordan": ["0.604", "Asia"], "Japan": ["0.657", "Asia"], "Kazakhstan": ["0.713", "Asia"], "Kenya": ["0.6940000000000001", "Africa"], "Kyrgyz Republic": ["0.691", "Asia"], "Cambodia": ["0.6759999999999999", "Asia"], "Kuwait": ["0.628", "Asia"], "Sri Lanka": ["0.669", "Asia"], "Lesotho": ["0.695", "Africa"], "Lithuania": ["0.742", "Europe"], "Luxembourg": ["0.706", "Europe"], "Latvia": ["0.7559999999999999", "Europe"], "Morocco": ["0.598", "Africa"], "Moldova": ["0.74", "Europe"], "Madagascar": ["0.6920000000000001", "Africa"], "Mexico": ["0.6920000000000001", "North America"], "Mali": ["0.583", "Africa"], "Malta": ["0.682", "Europe"], "Mongolia": ["0.713", "Asia"], "Mauritania": ["0.614", "Africa"], "Mauritius": ["0.664", "Africa"], "Malawi": ["0.672", "Africa"], "Malaysia": ["0.67", "Asia"], "Namibia": ["0.777", "Africa"], "Nigeria": ["0.6409999999999999", "Africa"], "Nicaragua": ["0.8140000000000001", "North America"], "Netherlands": ["0.737", "Europe"], "Norway": ["0.83", "Europe"], "Nepal": ["0.664", "Asia"], "New Zealand": ["0.7909999999999999", "Oceania"], "Pakistan": ["0.546", "Asia"], "Panama": ["0.722", "North America"], "Peru": ["0.7190000000000001", "South America"], "Philippines": ["0.79", "Asia"], "Poland": ["0.728", "Europe"], "Portugal": ["0.7340000000000001", "Europe"], "Paraguay": ["0.6779999999999999", "South America"], "Romania": ["0.708", "Europe"], "Russian Federation": ["0.696", "Europe"], "Saudi Arabia": ["0.584", "Asia"], "Singapore": ["0.7020000000000001", "Asia"], "El Salvador": ["0.705", "North America"], "Slovak Republic": ["0.6940000000000001", "Europe"], "Slovenia": ["0.805", "Europe"], "Sweden": ["0.816", "Europe"], "Chad": ["0.575", "Africa"], "Thailand": ["0.6940000000000001", "Asia"], "Turkey": ["0.625", "Asia"], "Tanzania": ["0.7", "Africa"], "Uganda": ["0.721", "Africa"], "Ukraine": ["0.705", "Europe"], "Uruguay": ["0.71", "South America"], "United States": ["0.718", "North America"], "Venezuela, RB": ["0.706", "South America"], "Yemen, Rep.": ["0.516", "Asia"], "South Africa": ["0.7559999999999999", "Africa"], "date": "2017"}, {"Albania": ["0.7340000000000001", "Europe"], "United Arab Emirates": ["0.642", "Asia"], "Argentina": ["0.733", "South America"], "Australia": ["0.73", "Oceania"], "Austria": ["0.718", "Europe"], "Belgium": ["0.738", "Europe"], "Burkina Faso": ["0.629", "Africa"], "Bangladesh": ["0.721", "Asia"], "Bulgaria": ["0.7559999999999999", "Europe"], "Bahrain": ["0.627", "Asia"], "Bolivia": ["0.748", "South America"], "Brazil": ["0.6809999999999999", "South America"], "Botswana": ["0.715", "Africa"], "Canada": ["0.7709999999999999", "North America"], "Switzerland": ["0.755", "Europe"], "Chile": ["0.7170000000000001", "South America"], "China": ["0.6729999999999999", "Asia"], "Colombia": ["0.7290000000000001", "South America"], "Costa Rica": ["0.7490000000000001", "North America"], "Cyprus": ["0.684", "Asia"], "Czech Republic": ["0.693", "Europe"], "Germany": ["0.7759999999999999", "Europe"], "Denmark": ["0.778", "Europe"], "Dominican Republic": ["0.701", "North America"], "Algeria": ["0.629", "Africa"], "Ecuador": ["0.7290000000000001", "South America"], "Egypt, Arab Rep.": ["0.614", "Africa"], "Spain": ["0.746", "Europe"], "Estonia": ["0.7340000000000001", "Europe"], "Ethiopia": ["0.6559999999999999", "Africa"], "Finland": ["0.821", "Europe"], "France": ["0.779", "Europe"], "United Kingdom": ["0.774", "Europe"], "Georgia": ["0.677", "Asia"], "Ghana": ["0.688", "Africa"], "Greece": ["0.696", "Europe"], "Guatemala": ["0.6679999999999999", "North America"], "Honduras": ["0.706", "North America"], "Croatia": ["0.7120000000000001", "Europe"], "Hungary": ["0.674", "Europe"], "Indonesia": ["0.691", "Asia"], "India": ["0.665", "Asia"], "Ireland": ["0.7959999999999999", "Europe"], "Iceland": ["0.858", "Europe"], "Israel": ["0.722", "Asia"], "Italy": ["0.706", "Europe"], "Jamaica": ["0.7240000000000001", "North America"], "Jordan": ["0.605", "Asia"], "Japan": ["0.662", "Asia"], "Kazakhstan": ["0.7120000000000001", "Asia"], "Kenya": ["0.7", "Africa"], "Kyrgyz Republic": ["0.691", "Asia"], "Cambodia": ["0.6829999999999999", "Asia"], "Kuwait": ["0.63", "Asia"], "Sri Lanka": ["0.6759999999999999", "Asia"], "Lesotho": ["0.693", "Africa"], "Lithuania": ["0.7490000000000001", "Europe"], "Luxembourg": ["0.7120000000000001", "Europe"], "Latvia": ["0.758", "Europe"], "Morocco": ["0.607", "Africa"], "Moldova": ["0.733", "Europe"], "Madagascar": ["0.691", "Africa"], "Mexico": ["0.721", "North America"], "Mali": ["0.5820000000000001", "Africa"], "Malta": ["0.6859999999999999", "Europe"], "Mongolia": ["0.7140000000000001", "Asia"], "Mauritania": ["0.607", "Africa"], "Mauritius": ["0.6629999999999999", "Africa"], "Malawi": ["0.662", "Africa"], "Malaysia": ["0.6759999999999999", "Asia"], "Namibia": ["0.789", "Africa"], "Nigeria": ["0.621", "Africa"], "Nicaragua": ["0.809", "North America"], "Netherlands": ["0.747", "Europe"], "Norway": ["0.835", "Europe"], "Nepal": ["0.6709999999999999", "Asia"], "New Zealand": ["0.8009999999999999", "Oceania"], "Pakistan": ["0.55", "Asia"], "Panama": ["0.722", "North America"], "Peru": ["0.72", "South America"], "Philippines": ["0.799", "Asia"], "Poland": ["0.728", "Europe"], "Portugal": ["0.732", "Europe"], "Paraguay": ["0.672", "South America"], "Romania": ["0.711", "Europe"], "Russian Federation": ["0.701", "Europe"], "Saudi Arabia": ["0.59", "Asia"], "Singapore": ["0.7070000000000001", "Asia"], "El Salvador": ["0.69", "North America"], "Slovak Republic": ["0.693", "Europe"], "Slovenia": ["0.784", "Europe"], "Sweden": ["0.8220000000000001", "Europe"], "Chad": ["0.58", "Africa"], "Thailand": ["0.7020000000000001", "Asia"], "Turkey": ["0.628", "Asia"], "Tanzania": ["0.7040000000000001", "Africa"], "Uganda": ["0.7240000000000001", "Africa"], "Ukraine": ["0.708", "Europe"], "Uruguay": ["0.715", "South America"], "United States": ["0.72", "North America"], "Venezuela, RB": ["0.7090000000000001", "South America"], "Yemen, Rep.": ["0.499", "Asia"], "South Africa": ["0.755", "Africa"], "date": "2018"}, {"Albania": ["0.769", "Europe"], "United Arab Emirates": ["0.655", "Asia"], "Argentina": ["0.746", "South America"], "Australia": ["0.731", "Oceania"], "Austria": ["0.7440000000000001", "Europe"], "Belgium": ["0.75", "Europe"], "Burkina Faso": ["0.635", "Africa"], "Bangladesh": ["0.726", "Asia"], "Bulgaria": ["0.727", "Europe"], "Bahrain": ["0.629", "Asia"], "Bolivia": ["0.7340000000000001", "South America"], "Brazil": ["0.691", "South America"], "Botswana": ["0.7090000000000001", "Africa"], "Canada": ["0.772", "North America"], "Switzerland": ["0.779", "Europe"], "Chile": ["0.723", "South America"], "China": ["0.6759999999999999", "Asia"], "Colombia": ["0.758", "South America"], "Costa Rica": ["0.782", "North America"], "Cyprus": ["0.6920000000000001", "Asia"], "Czech Republic": ["0.706", "Europe"], "Germany": ["0.787", "Europe"], "Denmark": ["0.782", "Europe"], "Dominican Republic": ["0.7", "North America"], "Algeria": ["0.634", "Africa"], "Ecuador": ["0.7290000000000001", "South America"], "Egypt, Arab Rep.": ["0.629", "Africa"], "Spain": ["0.795", "Europe"], "Estonia": ["0.7509999999999999", "Europe"], "Ethiopia": ["0.705", "Africa"], "Finland": ["0.8320000000000001", "Europe"], "France": ["0.7809999999999999", "Europe"], "United Kingdom": ["0.767", "Europe"], "Georgia": ["0.708", "Asia"], "Ghana": ["0.6729999999999999", "Africa"], "Greece": ["0.701", "Europe"], "Guatemala": ["0.6659999999999999", "North America"], "Honduras": ["0.722", "North America"], "Croatia": ["0.72", "Europe"], "Hungary": ["0.677", "Europe"], "Indonesia": ["0.7", "Asia"], "India": ["0.6679999999999999", "Asia"], "Ireland": ["0.7979999999999999", "Europe"], "Iceland": ["0.877", "Europe"], "Israel": ["0.718", "Asia"], "Italy": ["0.7070000000000001", "Europe"], "Jamaica": ["0.735", "North America"], "Jordan": ["0.623", "Asia"], "Japan": ["0.652", "Asia"], "Kazakhstan": ["0.71", "Asia"], "Kenya": ["0.6709999999999999", "Africa"], "Kyrgyz Republic": ["0.6890000000000001", "Asia"], "Cambodia": ["0.6940000000000001", "Asia"], "Kuwait": ["0.65", "Asia"], "Sri Lanka": ["0.68", "Asia"], "Lesotho": ["0.695", "Africa"], "Lithuania": ["0.745", "Europe"], "Luxembourg": ["0.725", "Europe"], "Latvia": ["0.785", "Europe"], "Morocco": ["0.605", "Africa"], "Moldova": ["0.757", "Europe"], "Madagascar": ["0.7190000000000001", "Africa"], "Mexico": ["0.754", "North America"], "Mali": ["0.621", "Africa"], "Malta": ["0.693", "Europe"], "Mongolia": ["0.706", "Asia"], "Mauritania": ["0.614", "Africa"], "Mauritius": ["0.665", "Africa"], "Malawi": ["0.664", "Africa"], "Malaysia": ["0.677", "Asia"], "Namibia": ["0.784", "Africa"], "Nigeria": ["0.635", "Africa"], "Nicaragua": ["0.804", "North America"], "Netherlands": ["0.736", "Europe"], "Norway": ["0.8420000000000001", "Europe"], "Nepal": ["0.68", "Asia"], "New Zealand": ["0.799", "Oceania"], "Pakistan": ["0.564", "Asia"], "Panama": ["0.73", "North America"], "Peru": ["0.7140000000000001", "South America"], "Philippines": ["0.7809999999999999", "Asia"], "Poland": ["0.736", "Europe"], "Portugal": ["0.7440000000000001", "Europe"], "Paraguay": ["0.6829999999999999", "South America"], "Romania": ["0.7240000000000001", "Europe"], "Russian Federation": ["0.706", "Europe"], "Saudi Arabia": ["0.599", "Asia"], "Singapore": ["0.7240000000000001", "Asia"], "El Salvador": ["0.706", "North America"], "Slovak Republic": ["0.718", "Europe"], "Slovenia": ["0.743", "Europe"], "Sweden": ["0.82", "Europe"], "Chad": ["0.596", "Africa"], "Thailand": ["0.708", "Asia"], "Turkey": ["0.635", "Asia"], "Tanzania": ["0.713", "Africa"], "Uganda": ["0.7170000000000001", "Africa"], "Ukraine": ["0.721", "Europe"], "Uruguay": ["0.737", "South America"], "United States": ["0.7240000000000001", "North America"], "Venezuela, RB": ["0.713", "South America"], "Yemen, Rep.": ["0.494", "Asia"], "South Africa": ["0.78", "Africa"], "date": "2019"}, {"Albania": ["0.77", "Europe"], "United Arab Emirates": ["0.716", "Asia"], "Argentina": ["0.752", "South America"], "Australia": ["0.731", "Oceania"], "Austria": ["0.777", "Europe"], "Belgium": ["0.789", "Europe"], "Burkina Faso": ["0.6509999999999999", "Africa"], "Bangladesh": ["0.7190000000000001", "Asia"], "Bulgaria": ["0.746", "Europe"], "Bahrain": ["0.632", "Asia"], "Bolivia": ["0.722", "South America"], "Brazil": ["0.695", "South America"], "Botswana": ["0.716", "Africa"], "Canada": ["0.772", "North America"], "Switzerland": ["0.7979999999999999", "Europe"], "Chile": ["0.716", "South America"], "China": ["0.682", "Asia"], "Colombia": ["0.725", "South America"], "Costa Rica": ["0.7859999999999999", "North America"], "Cyprus": ["0.7070000000000001", "Asia"], "Czech Republic": ["0.711", "Europe"], "Germany": ["0.7959999999999999", "Europe"], "Denmark": ["0.768", "Europe"], "Dominican Republic": ["0.6990000000000001", "North America"], "Algeria": ["0.633", "Africa"], "Ecuador": ["0.7390000000000001", "South America"], "Egypt, Arab Rep.": ["0.639", "Africa"], "Spain": ["0.7879999999999999", "Europe"], "Estonia": ["0.733", "Europe"], "Ethiopia": ["0.691", "Africa"], "Finland": ["0.861", "Europe"], "France": ["0.784", "Europe"], "United Kingdom": ["0.775", "Europe"], "Georgia": ["0.732", "Asia"], "Ghana": ["0.6659999999999999", "Africa"], "Greece": ["0.6890000000000001", "Europe"], "Guatemala": ["0.655", "North America"], "Honduras": ["0.716", "North America"], "Croatia": ["0.733", "Europe"], "Hungary": ["0.688", "Europe"], "Indonesia": ["0.688", "Asia"], "India": ["0.625", "Asia"], "Ireland": ["0.8", "Europe"], "Iceland": ["0.892", "Europe"], "Israel": ["0.7240000000000001", "Asia"], "Italy": ["0.721", "Europe"], "Jamaica": ["0.741", "North America"], "Jordan": ["0.638", "Asia"], "Japan": ["0.6559999999999999", "Asia"], "Kazakhstan": ["0.71", "Asia"], "Kenya": ["0.6920000000000001", "Africa"], "Kyrgyz Republic": ["0.6809999999999999", "Asia"], "Cambodia": ["0.684", "Asia"], "Kuwait": ["0.621", "Asia"], "Sri Lanka": ["0.67", "Asia"], "Lesotho": ["0.698", "Africa"], "Lithuania": ["0.804", "Europe"], "Luxembourg": ["0.726", "Europe"], "Latvia": ["0.778", "Europe"], "Morocco": ["0.612", "Africa"], "Moldova": ["0.768", "Europe"], "Madagascar": ["0.725", "Africa"], "Mexico": ["0.757", "North America"], "Mali": ["0.591", "Africa"], "Malta": ["0.703", "Europe"], "Mongolia": ["0.716", "Asia"], "Mauritania": ["0.606", "Africa"], "Mauritius": ["0.679", "Africa"], "Malawi": ["0.6709999999999999", "Africa"], "Malaysia": ["0.6759999999999999", "Asia"], "Namibia": ["0.809", "Africa"], "Nigeria": ["0.627", "Africa"], "Nicaragua": ["0.7959999999999999", "North America"], "Netherlands": ["0.762", "Europe"], "Norway": ["0.8490000000000001", "Europe"], "Nepal": ["0.6829999999999999", "Asia"], "New Zealand": ["0.84", "Oceania"], "Pakistan": ["0.556", "Asia"], "Panama": ["0.737", "North America"], "Peru": ["0.721", "South America"], "Philippines": ["0.784", "Asia"], "Poland": ["0.713", "Europe"], "Portugal": ["0.775", "Europe"], "Paraguay": ["0.7020000000000001", "South America"], "Romania": ["0.7", "Europe"], "Russian Federation": ["0.708", "Europe"], "Saudi Arabia": ["0.603", "Asia"], "Singapore": ["0.727", "Asia"], "El Salvador": ["0.738", "North America"], "Slovak Republic": ["0.7120000000000001", "Europe"], "Slovenia": ["0.741", "Europe"], "Sweden": ["0.823", "Europe"], "Chad": ["0.593", "Africa"], "Thailand": ["0.71", "Asia"], "Turkey": ["0.638", "Asia"], "Tanzania": ["0.7070000000000001", "Africa"], "Uganda": ["0.7170000000000001", "Africa"], "Ukraine": ["0.7140000000000001", "Europe"], "Uruguay": ["0.7020000000000001", "South America"], "United States": ["0.763", "North America"], "Venezuela, RB": ["0.6990000000000001", "South America"], "Yemen, Rep.": ["0.4920000000000001", "Asia"], "South Africa": ["0.7809999999999999", "Africa"], "date": "2020"}]}